Year,commodity,rows,states,unit,min_total_production,max_total_production,source
1930,Milk,48,48,LB,116000000.0,11207000000.0,USDA NASS QuickStats bulk export
1931,Milk,48,48,LB,108000000.0,11305000000.0,USDA NASS QuickStats bulk export
1932,Milk,48,48,LB,106000000.0,10992000000.0,USDA NASS QuickStats bulk export
1933,Milk,48,48,LB,105000000.0,10851000000.0,USDA NASS QuickStats bulk export
1934,Milk,48,48,LB,103000000.0,10659000000.0,USDA NASS QuickStats bulk export
1935,Milk,48,48,LB,106000000.0,10921000000.0,USDA NASS QuickStats bulk export
1936,Milk,48,48,LB,108000000.0,11598000000.0,USDA NASS QuickStats bulk export
1937,Milk,48,48,LB,104000000.0,11378000000.0,USDA NASS QuickStats bulk export
1938,Milk,48,48,LB,107000000.0,11862000000.0,USDA NASS QuickStats bulk export
1939,Milk,48,48,LB,109000000.0,11973000000.0,USDA NASS QuickStats bulk export
1940,Milk,48,48,LB,106000000.0,12665000000.0,USDA NASS QuickStats bulk export
1941,Milk,48,48,LB,115000000.0,13625000000.0,USDA NASS QuickStats bulk export
1942,Milk,48,48,LB,115000000.0,14239000000.0,USDA NASS QuickStats bulk export
1943,Milk,48,48,LB,107000000.0,14100000000.0,USDA NASS QuickStats bulk export
1944,Milk,48,48,LB,103000000.0,14042000000.0,USDA NASS QuickStats bulk export
1945,Milk,48,48,LB,97000000.0,14939000000.0,USDA NASS QuickStats bulk export
1946,Milk,48,48,LB,97000000.0,14993000000.0,USDA NASS QuickStats bulk export
1947,Milk,48,48,LB,100000000.0,15034000000.0,USDA NASS QuickStats bulk export
1948,Milk,48,48,LB,95000000.0,14384000000.0,USDA NASS QuickStats bulk export
1949,Milk,48,48,LB,90000000.0,14998000000.0,USDA NASS QuickStats bulk export
1950,Milk,48,48,LB,91000000.0,14796000000.0,USDA NASS QuickStats bulk export
1951,Milk,48,48,LB,85000000.0,15047000000.0,USDA NASS QuickStats bulk export
1952,Milk,48,48,LB,81000000.0,15272000000.0,USDA NASS QuickStats bulk export
1953,Milk,48,48,LB,86000000.0,15947000000.0,USDA NASS QuickStats bulk export
1954,Milk,48,48,LB,87000000.0,16273000000.0,USDA NASS QuickStats bulk export
1955,Milk,48,48,LB,87000000.0,16482000000.0,USDA NASS QuickStats bulk export
1956,Milk,48,48,LB,90000000.0,16922000000.0,USDA NASS QuickStats bulk export
1957,Milk,48,48,LB,92000000.0,17433000000.0,USDA NASS QuickStats bulk export
1958,Milk,48,48,LB,96000000.0,17956000000.0,USDA NASS QuickStats bulk export
1959,Milk,48,48,LB,110000000.0,17815000000.0,USDA NASS QuickStats bulk export
1960,Milk,50,50,LB,20400000.0,17780000000.0,USDA NASS QuickStats bulk export
1961,Milk,50,50,LB,22800000.0,17931000000.0,USDA NASS QuickStats bulk export
1962,Milk,50,50,LB,23000000.0,18598000000.0,USDA NASS QuickStats bulk export
1963,Milk,50,50,LB,22800000.0,18597000000.0,USDA NASS QuickStats bulk export
1964,Milk,50,50,LB,22700000.0,19358000000.0,USDA NASS QuickStats bulk export
1965,Milk,50,50,LB,20700000.0,18841000000.0,USDA NASS QuickStats bulk export
1966,Milk,50,50,LB,19000000.0,18052000000.0,USDA NASS QuickStats bulk export
1967,Milk,50,50,LB,18200000.0,18219000000.0,USDA NASS QuickStats bulk export
1968,Milk,50,50,LB,17700000.0,18210000000.0,USDA NASS QuickStats bulk export
1969,Milk,50,50,LB,17800000.0,18051000000.0,USDA NASS QuickStats bulk export
1970,Cheese,32,32,LB,789000.0,947591000.0,USDA NASS QuickStats bulk export
1970,Milk,50,50,LB,18600000.0,18435000000.0,USDA NASS QuickStats bulk export
1971,Cheese,31,31,LB,872000.0,986369000.0,USDA NASS QuickStats bulk export
1971,Milk,50,50,LB,17100000.0,18848000000.0,USDA NASS QuickStats bulk export
1972,Cheese,30,30,LB,956000.0,1063712000.0,USDA NASS QuickStats bulk export
1972,Milk,50,50,LB,17600000.0,19226000000.0,USDA NASS QuickStats bulk export
1973,Cheese,31,31,LB,1085000.0,1071041000.0,USDA NASS QuickStats bulk export
1973,Milk,50,50,LB,18100000.0,18442000000.0,USDA NASS QuickStats bulk export
1974,Cheese,31,31,LB,989000.0,1129037000.0,USDA NASS QuickStats bulk export
1974,Milk,50,50,LB,18100000.0,18713000000.0,USDA NASS QuickStats bulk export
1975,Cheese,31,31,LB,1465000.0,1089978000.0,USDA NASS QuickStats bulk export
1975,Milk,50,50,LB,16800000.0,18900000000.0,USDA NASS QuickStats bulk export
1976,Cheese,30,30,LB,1572000.0,1241180000.0,USDA NASS QuickStats bulk export
1976,Milk,50,50,LB,16000000.0,20296000000.0,USDA NASS QuickStats bulk export
1977,Cheese,28,28,LB,4607000.0,1278890000.0,USDA NASS QuickStats bulk export
1977,Milk,50,50,LB,16400000.0,21041000000.0,USDA NASS QuickStats bulk export
1978,Cheese,29,29,LB,5234000.0,1332005000.0,USDA NASS QuickStats bulk export
1978,Milk,50,50,LB,14800000.0,21252000000.0,USDA NASS QuickStats bulk export
1979,Cheese,28,28,LB,5497000.0,1400829000.0,USDA NASS QuickStats bulk export
1979,Milk,50,50,LB,13000000.0,21850000000.0,USDA NASS QuickStats bulk export
1980,Cheese,28,28,LB,4323000.0,1484251000.0,USDA NASS QuickStats bulk export
1980,Milk,50,50,LB,12500000.0,22380000000.0,USDA NASS QuickStats bulk export
1981,Cheese,27,27,LB,5523000.0,1560171000.0,USDA NASS QuickStats bulk export
1981,Milk,50,50,LB,13400000.0,23000000000.0,USDA NASS QuickStats bulk export
1982,Cheese,27,27,LB,5957000.0,1644529000.0,USDA NASS QuickStats bulk export
1982,Milk,50,50,LB,13800000.0,23230000000.0,USDA NASS QuickStats bulk export
1983,Cheese,27,27,LB,7224000.0,1728332000.0,USDA NASS QuickStats bulk export
1983,Milk,50,50,LB,13500000.0,23800000000.0,USDA NASS QuickStats bulk export
1984,Cheese,27,27,LB,4964000.0,1698150000.0,USDA NASS QuickStats bulk export
1984,Milk,50,50,LB,13900000.0,23501000000.0,USDA NASS QuickStats bulk export
1985,Cheese,27,27,LB,5213000.0,1778265000.0,USDA NASS QuickStats bulk export
1985,Milk,50,50,LB,22200000.0,24700000000.0,USDA NASS QuickStats bulk export
1986,Cheese,25,25,LB,5826000.0,1813542000.0,USDA NASS QuickStats bulk export
1986,Milk,50,50,LB,31500000.0,24500000000.0,USDA NASS QuickStats bulk export
1987,Cheese,25,25,LB,3093000.0,1874492000.0,USDA NASS QuickStats bulk export
1987,Honey,49,49,LB,29000.0,34840000.0,USDA NASS QuickStats bulk export
1987,Milk,50,50,LB,34800000.0,24800000000.0,USDA NASS QuickStats bulk export
1988,Cheese,24,24,LB,9610000.0,1901379000.0,USDA NASS QuickStats bulk export
1988,Honey,49,49,LB,26000.0,25200000.0,USDA NASS QuickStats bulk export
1988,Milk,50,50,LB,30700000.0,25000000000.0,USDA NASS QuickStats bulk export
1989,Cheese,24,24,LB,8808000.0,1847455000.0,USDA NASS QuickStats bulk export
1989,Honey,49,49,LB,10000.0,21080000.0,USDA NASS QuickStats bulk export
1989,Milk,50,50,LB,23300000.0,23898000000.0,USDA NASS QuickStats bulk export
1990,Cheese,21,21,LB,19058000.0,1910230000.0,USDA NASS QuickStats bulk export
1990,Honey,49,49,LB,11000.0,20900000.0,USDA NASS QuickStats bulk export
1990,Milk,50,50,LB,16800000.0,24187000000.0,USDA NASS QuickStats bulk export
1990,Yogurt,7,7,LB,2545000.0,233748000.0,USDA NASS QuickStats bulk export
1991,Cheese,17,17,LB,9145000.0,1965888000.0,USDA NASS QuickStats bulk export
1991,Honey,44,44,LB,175000.0,34650000.0,USDA NASS QuickStats bulk export
1991,Milk,50,50,LB,13300000.0,23770000000.0,USDA NASS QuickStats bulk export
1991,Yogurt,9,9,LB,3176000.0,232764000.0,USDA NASS QuickStats bulk export
1992,Cheese,22,22,LB,548000.0,2052913000.0,USDA NASS QuickStats bulk export
1992,Honey,44,44,LB,120000.0,32830000.0,USDA NASS QuickStats bulk export
1992,Milk,50,50,LB,12200000.0,23844000000.0,USDA NASS QuickStats bulk export
1992,Yogurt,8,8,LB,3969000.0,237695000.0,USDA NASS QuickStats bulk export
1993,Cheese,21,21,LB,607000.0,2030021000.0,USDA NASS QuickStats bulk export
1993,Honey,44,44,LB,189000.0,45000000.0,USDA NASS QuickStats bulk export
1993,Milk,50,50,LB,12000000.0,22924000000.0,USDA NASS QuickStats bulk export
1993,Yogurt,8,8,LB,25000.0,284944000.0,USDA NASS QuickStats bulk export
1994,Cheese,21,21,LB,902000.0,2024068000.0,USDA NASS QuickStats bulk export
1994,Honey,44,44,LB,162000.0,32430000.0,USDA NASS QuickStats bulk export
1994,Milk,50,50,LB,13000000.0,25234000000.0,USDA NASS QuickStats bulk export
1994,Yogurt,7,7,LB,28000.0,286766000.0,USDA NASS QuickStats bulk export
1995,Cheese,22,22,LB,1030000.0,2090827000.0,USDA NASS QuickStats bulk export
1995,Honey,44,44,LB,132000.0,39060000.0,USDA NASS QuickStats bulk export
1995,Milk,50,50,LB,12000000.0,25327000000.0,USDA NASS QuickStats bulk export
1995,Yogurt,7,7,LB,26000.0,251651000.0,USDA NASS QuickStats bulk export
1996,Cheese,21,21,LB,934000.0,2095946000.0,USDA NASS QuickStats bulk export
1996,Honey,44,44,LB,180000.0,27300000.0,USDA NASS QuickStats bulk export
1996,Milk,50,50,LB,14000000.0,25848000000.0,USDA NASS QuickStats bulk export
1996,Yogurt,5,5,LB,28000.0,208513000.0,USDA NASS QuickStats bulk export
1997,Cheese,19,19,LB,21284000.0,2119317000.0,USDA NASS QuickStats bulk export
1997,Honey,50,50,LB,4910.0,31500000.0,USDA NASS QuickStats bulk export
1997,Milk,50,50,LB,15000000.0,27582000000.0,USDA NASS QuickStats bulk export
1997,Yogurt,5,5,LB,28000.0,203204000.0,USDA NASS QuickStats bulk export
1998,Cheese,16,16,LB,1059000.0,2118127000.0,USDA NASS QuickStats bulk export
1998,Honey,43,43,LB,150000.0,37350000.0,USDA NASS QuickStats bulk export
1998,Milk,50,50,LB,14000000.0,27620000000.0,USDA NASS QuickStats bulk export
1998,Yogurt,5,5,LB,23000.0,233126000.0,USDA NASS QuickStats bulk export
1999,Cheese,15,15,LB,1143000.0,2148054000.0,USDA NASS QuickStats bulk export
1999,Honey,43,43,LB,150000.0,27900000.0,USDA NASS QuickStats bulk export
1999,Milk,50,50,LB,14000000.0,30444000000.0,USDA NASS QuickStats bulk export
1999,Yogurt,4,4,LB,10513000.0,250084000.0,USDA NASS QuickStats bulk export
2000,Cheese,14,14,LB,1389000.0,2192171000.0,USDA NASS QuickStats bulk export
2000,Honey,43,43,LB,192000.0,34500000.0,USDA NASS QuickStats bulk export
2000,Milk,50,50,LB,13000000.0,32245000000.0,USDA NASS QuickStats bulk export
2000,Yogurt,4,4,LB,11653000.0,257211000.0,USDA NASS QuickStats bulk export
2001,Cheese,14,14,LB,858000.0,2133156000.0,USDA NASS QuickStats bulk export
2001,Honey,44,44,LB,184000.0,28060000.0,USDA NASS QuickStats bulk export
2001,Milk,50,50,LB,14000000.0,33217000000.0,USDA NASS QuickStats bulk export
2001,Yogurt,4,4,LB,12773000.0,264304000.0,USDA NASS QuickStats bulk export
2002,Cheese,14,14,LB,841000.0,2237127000.0,USDA NASS QuickStats bulk export
2002,Honey,50,50,LB,4667.0,24000000.0,USDA NASS QuickStats bulk export
2002,Milk,50,50,LB,18000000.0,35065000000.0,USDA NASS QuickStats bulk export
2002,Yogurt,5,5,LB,12875000.0,454483000.0,USDA NASS QuickStats bulk export
2003,Cheese,12,12,LB,860000.0,2276528000.0,USDA NASS QuickStats bulk export
2003,Honey,44,44,LB,84000.0,32160000.0,USDA NASS QuickStats bulk export
2003,Milk,50,50,LB,17000000.0,35437000000.0,USDA NASS QuickStats bulk export
2003,Yogurt,6,6,LB,687000.0,479226000.0,USDA NASS QuickStats bulk export
2004,Cheese,12,12,LB,67294000.0,2356516000.0,USDA NASS QuickStats bulk export
2004,Honey,41,41,LB,217000.0,30420000.0,USDA NASS QuickStats bulk export
2004,Milk,50,50,LB,15000000.0,36465000000.0,USDA NASS QuickStats bulk export
2004,Yogurt,7,7,LB,807000.0,454302000.0,USDA NASS QuickStats bulk export
2005,Cheese,11,11,LB,86414000.0,2405945000.0,USDA NASS QuickStats bulk export
2005,Honey,41,41,LB,208000.0,33670000.0,USDA NASS QuickStats bulk export
2005,Milk,50,50,LB,14000000.0,37564000000.0,USDA NASS QuickStats bulk export
2005,Yogurt,7,7,LB,931000.0,511990000.0,USDA NASS QuickStats bulk export
2006,Cheese,13,13,LB,80380000.0,2452855000.0,USDA NASS QuickStats bulk export
2006,Honey,41,41,LB,252000.0,25900000.0,USDA NASS QuickStats bulk export
2006,Milk,50,50,LB,10000000.0,38830000000.0,USDA NASS QuickStats bulk export
2006,Yogurt,6,6,LB,25520000.0,543345000.0,USDA NASS QuickStats bulk export
2007,Cheese,13,13,LB,76764000.0,2462043000.0,USDA NASS QuickStats bulk export
2007,Honey,50,50,LB,5414.0,30825479.0,USDA NASS QuickStats bulk export
2007,Milk,50,50,LB,9000000.0,40683000000.0,USDA NASS QuickStats bulk export
2007,Yogurt,6,6,LB,21300000.0,559921000.0,USDA NASS QuickStats bulk export
2008,Cheese,14,14,LB,30455000.0,2524125000.0,USDA NASS QuickStats bulk export
2008,Honey,41,41,LB,156000.0,36000000.0,USDA NASS QuickStats bulk export
2008,Milk,50,50,LB,7200000.0,41203000000.0,USDA NASS QuickStats bulk export
2008,Yogurt,5,5,LB,162847000.0,581768000.0,USDA NASS QuickStats bulk export
2009,Cheese,14,14,LB,32371000.0,2593766000.0,USDA NASS QuickStats bulk export
2009,Honey,40,40,LB,175000.0,34650000.0,USDA NASS QuickStats bulk export
2009,Milk,50,50,LB,6000000.0,39512000000.0,USDA NASS QuickStats bulk export
2009,Yogurt,5,5,LB,173178000.0,620171000.0,USDA NASS QuickStats bulk export
2010,Cheese,12,12,LB,78456000.0,2616042000.0,USDA NASS QuickStats bulk export
2010,Honey,40,40,LB,185000.0,46410000.0,USDA NASS QuickStats bulk export
2010,Milk,50,50,LB,7100000.0,40385000000.0,USDA NASS QuickStats bulk export
2011,Cheese,12,12,LB,65835000.0,2635048000.0,USDA NASS QuickStats bulk export
2011,Honey,40,40,LB,120000.0,32660000.0,USDA NASS QuickStats bulk export
2011,Milk,50,50,LB,6900000.0,41462000000.0,USDA NASS QuickStats bulk export
2012,Cheese,12,12,LB,69114000.0,2789965000.0,USDA NASS QuickStats bulk export
2012,Honey,50,50,LB,7060.0,33120000.0,USDA NASS QuickStats bulk export
2012,Milk,50,50,LB,5700000.0,41801000000.0,USDA NASS QuickStats bulk export
2013,Cheese,12,12,LB,65134000.0,2855881000.0,USDA NASS QuickStats bulk export
2013,Honey,39,39,LB,123000.0,33120000.0,USDA NASS QuickStats bulk export
2013,Milk,50,50,LB,3200000.0,41256000000.0,USDA NASS QuickStats bulk export
2014,Cheese,13,13,LB,54239000.0,2912144000.0,USDA NASS QuickStats bulk export
2014,Coffee,1,1,"LB, CHERRY BASIS",36816000.0,36816000.0,USDA NASS QuickStats bulk export
2014,Honey,40,40,LB,186000.0,42140000.0,USDA NASS QuickStats bulk export
2014,Milk,50,50,LB,3500000.0,42339000000.0,USDA NASS QuickStats bulk export
2014,Yogurt,2,2,LB,59208000.0,663917000.0,USDA NASS QuickStats bulk export
2015,Cheese,13,13,LB,58778000.0,3069641000.0,USDA NASS QuickStats bulk export
2015,Coffee,1,1,"LB, CHERRY BASIS",31740000.0,31740000.0,USDA NASS QuickStats bulk export
2015,Honey,40,40,LB,175000.0,36260000.0,USDA NASS QuickStats bulk export
2015,Milk,50,50,LB,3500000.0,40897000000.0,USDA NASS QuickStats bulk export
2015,Yogurt,4,4,LB,55346000.0,669254000.0,USDA NASS QuickStats bulk export
2016,Cheese,14,14,LB,58082000.0,3248440000.0,USDA NASS QuickStats bulk export
2016,Coffee,1,1,"LB, CHERRY BASIS",29260000.0,29260000.0,USDA NASS QuickStats bulk export
2016,Honey,40,40,LB,160000.0,37830000.0,USDA NASS QuickStats bulk export
2016,Milk,50,50,LB,3500000.0,40469000000.0,USDA NASS QuickStats bulk export
2016,Yogurt,4,4,LB,50792000.0,676792000.0,USDA NASS QuickStats bulk export
2017,Cheese,14,14,LB,57727000.0,3376769000.0,USDA NASS QuickStats bulk export
2017,Coffee,1,1,"LB, CHERRY BASIS",25416000.0,25416000.0,USDA NASS QuickStats bulk export
2017,Honey,50,50,LB,4359.0,33670000.0,USDA NASS QuickStats bulk export
2017,Milk,50,50,LB,2900000.0,39798000000.0,USDA NASS QuickStats bulk export
2017,Yogurt,4,4,LB,34323000.0,706923000.0,USDA NASS QuickStats bulk export
2018,Cheese,14,14,LB,71675000.0,3422961000.0,USDA NASS QuickStats bulk export
2018,Coffee,1,1,"LB, CHERRY BASIS",27300000.0,27300000.0,USDA NASS QuickStats bulk export
2018,Honey,40,40,LB,160000.0,39600000.0,USDA NASS QuickStats bulk export
2018,Milk,50,50,LB,2800000.0,40420000000.0,USDA NASS QuickStats bulk export
2018,Yogurt,4,4,LB,31569000.0,691044000.0,USDA NASS QuickStats bulk export
2019,Cheese,14,14,LB,57805000.0,3362487000.0,USDA NASS QuickStats bulk export
2019,Coffee,1,1,"LB, CHERRY BASIS",27270000.0,27270000.0,USDA NASS QuickStats bulk export
2019,Honey,40,40,LB,195000.0,33800000.0,USDA NASS QuickStats bulk export
2019,Milk,48,48,LB,10600000.0,40605000000.0,USDA NASS QuickStats bulk export
2019,Yogurt,3,3,LB,37769000.0,679190000.0,USDA NASS QuickStats bulk export
2020,Cheese,12,12,LB,61189000.0,3389620000.0,USDA NASS QuickStats bulk export
2020,Coffee,1,1,"LB, CHERRY BASIS",25272000.0,25272000.0,USDA NASS QuickStats bulk export
2020,Honey,40,40,LB,200000.0,38610000.0,USDA NASS QuickStats bulk export
2020,Milk,48,48,LB,10900000.0,41311000000.0,USDA NASS QuickStats bulk export
2020,Yogurt,2,2,LB,354906000.0,722922000.0,USDA NASS QuickStats bulk export
2021,Cheese,13,13,LB,60884000.0,3492789000.0,USDA NASS QuickStats bulk export
2021,Coffee,1,1,"LB, CHERRY BASIS",29230000.0,29230000.0,USDA NASS QuickStats bulk export
2021,Honey,40,40,LB,240000.0,28325000.0,USDA NASS QuickStats bulk export
2021,Milk,48,48,LB,10100000.0,41861000000.0,USDA NASS QuickStats bulk export
2021,Yogurt,2,2,LB,374637000.0,774881000.0,USDA NASS QuickStats bulk export
2022,Cheese,13,13,LB,61779000.0,3520640000.0,USDA NASS QuickStats bulk export
2022,Coffee,1,1,"LB, CHERRY BASIS",23625000.0,23625000.0,USDA NASS QuickStats bulk export
2022,Honey,50,50,LB,14726.0,40873481.0,USDA NASS QuickStats bulk export
2022,Milk,48,48,LB,10000000.0,41800000000.0,USDA NASS QuickStats bulk export
2022,Yogurt,2,2,LB,221139000.0,793256000.0,USDA NASS QuickStats bulk export
2023,Cheese,13,13,LB,1111000.0,3517903000.0,USDA NASS QuickStats bulk export
2023,Coffee,1,1,"LB, CHERRY BASIS",23310000.0,23310000.0,USDA NASS QuickStats bulk export
2023,Honey,39,39,LB,195000.0,38250000.0,USDA NASS QuickStats bulk export
2023,Milk,48,48,LB,9600000.0,40900000000.0,USDA NASS QuickStats bulk export
2023,Yogurt,2,2,LB,223178000.0,891534000.0,USDA NASS QuickStats bulk export
