State,commodity,status,existing_total_production,downloaded_total_production,difference,pct_difference,within_absolute_tolerance,downloaded_unit,downloaded_short_desc,downloaded_load_time,downloaded_source
ALABAMA,Honey,matched,400000.0,535501.0,135501.0,33.87525,False,LB,"HONEY - PRODUCTION, MEASURED IN LB",2024-07-02 12:00:00.000,USDA NASS QuickStats
ALABAMA,Milk,downloaded_only,,32000000.0,,,,LB,"MILK - PRODUCTION, MEASURED IN LB",2024-04-23 15:00:00.000,USDA NASS QuickStats
ALASKA,Honey,downloaded_only,,28491.0,,,,LB,"HONEY - PRODUCTION, MEASURED IN LB",2024-07-02 12:00:00.000,USDA NASS QuickStats
ARIZONA,Honey,matched,1035000.0,1525002.0,490002.0,47.34318840579711,False,LB,"HONEY - PRODUCTION, MEASURED IN LB",2024-07-02 12:00:00.000,USDA NASS QuickStats
ARIZONA,Milk,matched,4772000000.0,4772000000.0,0.0,0.0,True,LB,"MILK - PRODUCTION, MEASURED IN LB",2024-04-23 15:00:00.000,USDA NASS QuickStats
ARKANSAS,Honey,matched,1120000.0,1029923.0,-90077.0,-8.042589285714286,False,LB,"HONEY - PRODUCTION, MEASURED IN LB",2024-07-02 12:00:00.000,USDA NASS QuickStats
ARKANSAS,Milk,downloaded_only,,45000000.0,,,,LB,"MILK - PRODUCTION, MEASURED IN LB",2024-04-23 15:00:00.000,USDA NASS QuickStats
CALIFORNIA,Cheese,matched,2460538000.0,2461201000.0,663000.0,0.0269453265911764,False,LB,"CHEESE - PRODUCTION, MEASURED IN LB",2025-04-25 15:00:00.000,USDA NASS QuickStats
CALIFORNIA,Honey,matched,11590000.0,28502379.0,16912379.0,145.92216566005177,False,LB,"HONEY - PRODUCTION, MEASURED IN LB",2024-07-02 12:00:00.000,USDA NASS QuickStats
CALIFORNIA,Milk,matched,41787000000.0,41800000000.0,13000000.0,0.031110153875607244,False,LB,"MILK - PRODUCTION, MEASURED IN LB",2024-04-23 15:00:00.000,USDA NASS QuickStats
CALIFORNIA,Yogurt,matched,377839000.0,221139000.0,-156700000.0,-41.47269074923447,False,LB,"YOGURT, PLAIN & FLAVORED - PRODUCTION, MEASURED IN LB",2025-04-25 15:00:00.000,USDA NASS QuickStats
COLORADO,Honey,matched,1302000.0,1276922.0,-25078.0,-1.9261136712749614,False,LB,"HONEY - PRODUCTION, MEASURED IN LB",2024-07-02 12:00:00.000,USDA NASS QuickStats
COLORADO,Milk,matched,5314000000.0,5314000000.0,0.0,0.0,True,LB,"MILK - PRODUCTION, MEASURED IN LB",2024-04-23 15:00:00.000,USDA NASS QuickStats
CONNECTICUT,Honey,downloaded_only,,240332.0,,,,LB,"HONEY - PRODUCTION, MEASURED IN LB",2024-07-02 12:00:00.000,USDA NASS QuickStats
CONNECTICUT,Milk,downloaded_only,,430000000.0,,,,LB,"MILK - PRODUCTION, MEASURED IN LB",2024-04-23 15:00:00.000,USDA NASS QuickStats
DELAWARE,Honey,downloaded_only,,14726.0,,,,LB,"HONEY - PRODUCTION, MEASURED IN LB",2024-07-02 12:00:00.000,USDA NASS QuickStats
DELAWARE,Milk,downloaded_only,,48100000.0,,,,LB,"MILK - PRODUCTION, MEASURED IN LB",2024-04-23 15:00:00.000,USDA NASS QuickStats
FLORIDA,Honey,matched,7350000.0,14526000.0,7176000.0,97.63265306122449,False,LB,"HONEY - PRODUCTION, MEASURED IN LB",2024-07-02 12:00:00.000,USDA NASS QuickStats
FLORIDA,Milk,matched,1933000000.0,1927000000.0,-6000000.0,-0.3103983445421624,False,LB,"MILK - PRODUCTION, MEASURED IN LB",2024-04-23 15:00:00.000,USDA NASS QuickStats
GEORGIA,Honey,matched,3296000.0,4994913.0,1698913.0,51.544690533980585,False,LB,"HONEY - PRODUCTION, MEASURED IN LB",2024-07-02 12:00:00.000,USDA NASS QuickStats
GEORGIA,Milk,matched,2028000000.0,2028000000.0,0.0,0.0,True,LB,"MILK - PRODUCTION, MEASURED IN LB",2024-04-23 15:00:00.000,USDA NASS QuickStats
HAWAII,Coffee,downloaded_only,,23625000.0,,,,"LB, CHERRY BASIS","COFFEE - PRODUCTION, MEASURED IN LB, CHERRY BASIS",2024-01-03 15:00:00.000,USDA NASS QuickStats
HAWAII,Honey,downloaded_only,,2170545.0,,,,LB,"HONEY - PRODUCTION, MEASURED IN LB",2024-07-02 12:00:00.000,USDA NASS QuickStats
IDAHO,Cheese,matched,989539000.0,989539000.0,0.0,0.0,True,LB,"CHEESE - PRODUCTION, MEASURED IN LB",2025-04-25 15:00:00.000,USDA NASS QuickStats
IDAHO,Honey,matched,2726000.0,5762856.0,3036856.0,111.40337490829053,False,LB,"HONEY - PRODUCTION, MEASURED IN LB",2024-07-02 12:00:00.000,USDA NASS QuickStats
IDAHO,Milk,matched,16628000000.0,16628000000.0,0.0,0.0,True,LB,"MILK - PRODUCTION, MEASURED IN LB",2024-04-23 15:00:00.000,USDA NASS QuickStats
ILLINOIS,Cheese,matched,68977000.0,68977000.0,0.0,0.0,True,LB,"CHEESE - PRODUCTION, MEASURED IN LB",2025-04-25 15:00:00.000,USDA NASS QuickStats
ILLINOIS,Honey,matched,470000.0,803845.0,333845.0,71.03085106382979,False,LB,"HONEY - PRODUCTION, MEASURED IN LB",2024-07-02 12:00:00.000,USDA NASS QuickStats
ILLINOIS,Milk,matched,1714000000.0,1714000000.0,0.0,0.0,True,LB,"MILK - PRODUCTION, MEASURED IN LB",2024-04-23 15:00:00.000,USDA NASS QuickStats
INDIANA,Honey,matched,567000.0,908140.0,341140.0,60.16578483245149,False,LB,"HONEY - PRODUCTION, MEASURED IN LB",2024-07-02 12:00:00.000,USDA NASS QuickStats
INDIANA,Milk,matched,4413000000.0,4371000000.0,-42000000.0,-0.9517335146159076,False,LB,"MILK - PRODUCTION, MEASURED IN LB",2024-04-23 15:00:00.000,USDA NASS QuickStats
IOWA,Cheese,matched,389996000.0,389996000.0,0.0,0.0,True,LB,"CHEESE - PRODUCTION, MEASURED IN LB",2025-04-25 15:00:00.000,USDA NASS QuickStats
IOWA,Honey,matched,2448000.0,2104054.0,-343946.0,-14.050081699346407,False,LB,"HONEY - PRODUCTION, MEASURED IN LB",2024-07-02 12:00:00.000,USDA NASS QuickStats
IOWA,Milk,matched,5770000000.0,5770000000.0,0.0,0.0,True,LB,"MILK - PRODUCTION, MEASURED IN LB",2024-04-23 15:00:00.000,USDA NASS QuickStats
KANSAS,Honey,matched,372000.0,845894.0,473894.0,127.39086021505376,False,LB,"HONEY - PRODUCTION, MEASURED IN LB",2024-07-02 12:00:00.000,USDA NASS QuickStats
KANSAS,Milk,matched,4143000000.0,4142000000.0,-1000000.0,-0.02413709872073377,False,LB,"MILK - PRODUCTION, MEASURED IN LB",2024-04-23 15:00:00.000,USDA NASS QuickStats
KENTUCKY,Honey,matched,252000.0,482601.0,230601.0,91.50833333333334,False,LB,"HONEY - PRODUCTION, MEASURED IN LB",2024-07-02 12:00:00.000,USDA NASS QuickStats
KENTUCKY,Milk,downloaded_only,,926000000.0,,,,LB,"MILK - PRODUCTION, MEASURED IN LB",2024-04-23 15:00:00.000,USDA NASS QuickStats
LOUISIANA,Honey,matched,2562000.0,3989186.0,1427186.0,55.70593286494926,False,LB,"HONEY - PRODUCTION, MEASURED IN LB",2024-07-02 12:00:00.000,USDA NASS QuickStats
LOUISIANA,Milk,downloaded_only,,112000000.0,,,,LB,"MILK - PRODUCTION, MEASURED IN LB",2024-04-23 15:00:00.000,USDA NASS QuickStats
MAINE,Honey,matched,230000.0,292411.0,62411.0,27.13521739130435,False,LB,"HONEY - PRODUCTION, MEASURED IN LB",2024-07-02 12:00:00.000,USDA NASS QuickStats
MAINE,Milk,downloaded_only,,554000000.0,,,,LB,"MILK - PRODUCTION, MEASURED IN LB",2024-04-23 15:00:00.000,USDA NASS QuickStats
MARYLAND,Honey,downloaded_only,,222384.0,,,,LB,"HONEY - PRODUCTION, MEASURED IN LB",2024-07-02 12:00:00.000,USDA NASS QuickStats
MARYLAND,Milk,downloaded_only,,842000000.0,,,,LB,"MILK - PRODUCTION, MEASURED IN LB",2024-04-23 15:00:00.000,USDA NASS QuickStats
MASSACHUSETTS,Honey,downloaded_only,,495799.0,,,,LB,"HONEY - PRODUCTION, MEASURED IN LB",2024-07-02 12:00:00.000,USDA NASS QuickStats
MASSACHUSETTS,Milk,downloaded_only,,188000000.0,,,,LB,"MILK - PRODUCTION, MEASURED IN LB",2024-04-23 15:00:00.000,USDA NASS QuickStats
MICHIGAN,Honey,matched,3362000.0,6168358.0,2806358.0,83.4728732897085,False,LB,"HONEY - PRODUCTION, MEASURED IN LB",2024-07-02 12:00:00.000,USDA NASS QuickStats
MICHIGAN,Milk,matched,11740000000.0,11737000000.0,-3000000.0,-0.025553662691652473,False,LB,"MILK - PRODUCTION, MEASURED IN LB",2024-04-23 15:00:00.000,USDA NASS QuickStats
MINNESOTA,Cheese,matched,811544000.0,811518000.0,-26000.0,-0.003203769604605542,False,LB,"CHEESE - PRODUCTION, MEASURED IN LB",2025-04-25 15:00:00.000,USDA NASS QuickStats
MINNESOTA,Honey,matched,5202000.0,8865510.0,3663510.0,70.42502883506344,False,LB,"HONEY - PRODUCTION, MEASURED IN LB",2024-07-02 12:00:00.000,USDA NASS QuickStats
MINNESOTA,Milk,matched,10477000000.0,10472000000.0,-5000000.0,-0.04772358499570488,False,LB,"MILK - PRODUCTION, MEASURED IN LB",2024-04-23 15:00:00.000,USDA NASS QuickStats
MISSISSIPPI,Honey,matched,1995000.0,3256416.0,1261416.0,63.22887218045112,False,LB,"HONEY - PRODUCTION, MEASURED IN LB",2024-07-02 12:00:00.000,USDA NASS QuickStats
MISSISSIPPI,Milk,downloaded_only,,90000000.0,,,,LB,"MILK - PRODUCTION, MEASURED IN LB",2024-04-23 15:00:00.000,USDA NASS QuickStats
MISSOURI,Honey,matched,328000.0,720693.0,392693.0,119.7234756097561,False,LB,"HONEY - PRODUCTION, MEASURED IN LB",2024-07-02 12:00:00.000,USDA NASS QuickStats
MISSOURI,Milk,downloaded_only,,941000000.0,,,,LB,"MILK - PRODUCTION, MEASURED IN LB",2024-04-23 15:00:00.000,USDA NASS QuickStats
MONTANA,Honey,matched,7503000.0,8822137.0,1319137.0,17.58146074903372,False,LB,"HONEY - PRODUCTION, MEASURED IN LB",2024-07-02 12:00:00.000,USDA NASS QuickStats
MONTANA,Milk,downloaded_only,,223000000.0,,,,LB,"MILK - PRODUCTION, MEASURED IN LB",2024-04-23 15:00:00.000,USDA NASS QuickStats
NEBRASKA,Honey,matched,1496000.0,2400761.0,904761.0,60.47867647058823,False,LB,"HONEY - PRODUCTION, MEASURED IN LB",2024-07-02 12:00:00.000,USDA NASS QuickStats
NEBRASKA,Milk,downloaded_only,,1416000000.0,,,,LB,"MILK - PRODUCTION, MEASURED IN LB",2024-04-23 15:00:00.000,USDA NASS QuickStats
NEVADA,Honey,downloaded_only,,121005.0,,,,LB,"HONEY - PRODUCTION, MEASURED IN LB",2024-07-02 12:00:00.000,USDA NASS QuickStats
NEVADA,Milk,downloaded_only,,794000000.0,,,,LB,"MILK - PRODUCTION, MEASURED IN LB",2024-04-23 15:00:00.000,USDA NASS QuickStats
NEW HAMPSHIRE,Honey,downloaded_only,,158122.0,,,,LB,"HONEY - PRODUCTION, MEASURED IN LB",2024-07-02 12:00:00.000,USDA NASS QuickStats
NEW HAMPSHIRE,Milk,downloaded_only,,219000000.0,,,,LB,"MILK - PRODUCTION, MEASURED IN LB",2024-04-23 15:00:00.000,USDA NASS QuickStats
NEW JERSEY,Cheese,matched,61780000.0,61779000.0,-1000.0,-0.0016186468112657818,False,LB,"CHEESE - PRODUCTION, MEASURED IN LB",2025-04-25 15:00:00.000,USDA NASS QuickStats
NEW JERSEY,Honey,matched,624000.0,636431.0,12431.0,1.9921474358974358,False,LB,"HONEY - PRODUCTION, MEASURED IN LB",2024-07-02 12:00:00.000,USDA NASS QuickStats
NEW JERSEY,Milk,downloaded_only,,88000000.0,,,,LB,"MILK - PRODUCTION, MEASURED IN LB",2024-04-23 15:00:00.000,USDA NASS QuickStats
NEW MEXICO,Cheese,matched,970738000.0,970738000.0,0.0,0.0,True,LB,"CHEESE - PRODUCTION, MEASURED IN LB",2025-04-25 15:00:00.000,USDA NASS QuickStats
NEW MEXICO,Honey,downloaded_only,,342073.0,,,,LB,"HONEY - PRODUCTION, MEASURED IN LB",2024-07-02 12:00:00.000,USDA NASS QuickStats
NEW MEXICO,Milk,matched,7148000000.0,7145000000.0,-3000000.0,-0.041969781757134866,False,LB,"MILK - PRODUCTION, MEASURED IN LB",2024-04-23 15:00:00.000,USDA NASS QuickStats
NEW YORK,Cheese,matched,843648000.0,843648000.0,0.0,0.0,True,LB,"CHEESE - PRODUCTION, MEASURED IN LB",2025-04-25 15:00:00.000,USDA NASS QuickStats
NEW YORK,Honey,matched,2862000.0,2847841.0,-14159.0,-0.4947239692522711,False,LB,"HONEY - PRODUCTION, MEASURED IN LB",2024-07-02 12:00:00.000,USDA NASS QuickStats
NEW YORK,Milk,matched,15660000000.0,15646000000.0,-14000000.0,-0.08939974457215837,False,LB,"MILK - PRODUCTION, MEASURED IN LB",2024-04-23 15:00:00.000,USDA NASS QuickStats
NEW YORK,Yogurt,matched,793256000.0,793256000.0,0.0,0.0,True,LB,"YOGURT, PLAIN & FLAVORED - PRODUCTION, MEASURED IN LB",2025-04-25 15:00:00.000,USDA NASS QuickStats
NORTH CAROLINA,Honey,matched,507000.0,1026513.0,519513.0,102.46804733727811,False,LB,"HONEY - PRODUCTION, MEASURED IN LB",2024-07-02 12:00:00.000,USDA NASS QuickStats
NORTH CAROLINA,Milk,downloaded_only,,912000000.0,,,,LB,"MILK - PRODUCTION, MEASURED IN LB",2024-04-23 15:00:00.000,USDA NASS QuickStats
NORTH DAKOTA,Honey,matched,31200000.0,40873481.0,9673481.0,31.004746794871796,False,LB,"HONEY - PRODUCTION, MEASURED IN LB",2024-07-02 12:00:00.000,USDA NASS QuickStats
NORTH DAKOTA,Milk,downloaded_only,,319000000.0,,,,LB,"MILK - PRODUCTION, MEASURED IN LB",2024-04-23 15:00:00.000,USDA NASS QuickStats
OHIO,Cheese,matched,255334000.0,255338000.0,4000.0,0.0015665755441891798,False,LB,"CHEESE - PRODUCTION, MEASURED IN LB",2025-04-25 15:00:00.000,USDA NASS QuickStats
OHIO,Honey,matched,1254000.0,1825233.0,571233.0,45.55287081339713,False,LB,"HONEY - PRODUCTION, MEASURED IN LB",2024-07-02 12:00:00.000,USDA NASS QuickStats
OHIO,Milk,matched,5519000000.0,5526000000.0,7000000.0,0.12683457148034066,False,LB,"MILK - PRODUCTION, MEASURED IN LB",2024-04-23 15:00:00.000,USDA NASS QuickStats
OKLAHOMA,Honey,downloaded_only,,234008.0,,,,LB,"HONEY - PRODUCTION, MEASURED IN LB",2024-07-02 12:00:00.000,USDA NASS QuickStats
OKLAHOMA,Milk,downloaded_only,,716000000.0,,,,LB,"MILK - PRODUCTION, MEASURED IN LB",2024-04-23 15:00:00.000,USDA NASS QuickStats
OREGON,Cheese,existing_only,20120000.0,,,,,,,,
OREGON,Honey,matched,3404000.0,4373045.0,969045.0,28.467831962397177,False,LB,"HONEY - PRODUCTION, MEASURED IN LB",2024-07-02 12:00:00.000,USDA NASS QuickStats
OREGON,Milk,matched,2636000000.0,2635000000.0,-1000000.0,-0.03793626707132018,False,LB,"MILK - PRODUCTION, MEASURED IN LB",2024-04-23 15:00:00.000,USDA NASS QuickStats
PENNSYLVANIA,Cheese,matched,450602000.0,450316000.0,-286000.0,-0.06347064593588134,False,LB,"CHEESE - PRODUCTION, MEASURED IN LB",2025-04-25 15:00:00.000,USDA NASS QuickStats
PENNSYLVANIA,Honey,matched,1058000.0,1767195.0,709195.0,67.03166351606805,False,LB,"HONEY - PRODUCTION, MEASURED IN LB",2024-07-02 12:00:00.000,USDA NASS QuickStats
PENNSYLVANIA,Milk,matched,9949000000.0,9949000000.0,0.0,0.0,True,LB,"MILK - PRODUCTION, MEASURED IN LB",2024-04-23 15:00:00.000,USDA NASS QuickStats
RHODE ISLAND,Honey,downloaded_only,,68208.0,,,,LB,"HONEY - PRODUCTION, MEASURED IN LB",2024-07-02 12:00:00.000,USDA NASS QuickStats
RHODE ISLAND,Milk,downloaded_only,,10000000.0,,,,LB,"MILK - PRODUCTION, MEASURED IN LB",2024-04-23 15:00:00.000,USDA NASS QuickStats
SOUTH CAROLINA,Honey,matched,507000.0,541974.0,34974.0,6.898224852071006,False,LB,"HONEY - PRODUCTION, MEASURED IN LB",2024-07-02 12:00:00.000,USDA NASS QuickStats
SOUTH CAROLINA,Milk,downloaded_only,,161000000.0,,,,LB,"MILK - PRODUCTION, MEASURED IN LB",2024-04-23 15:00:00.000,USDA NASS QuickStats
SOUTH DAKOTA,Cheese,matched,533229000.0,533229000.0,0.0,0.0,True,LB,"CHEESE - PRODUCTION, MEASURED IN LB",2024-04-26 15:00:00.000,USDA NASS QuickStats
SOUTH DAKOTA,Honey,matched,7215000.0,7799314.0,584314.0,8.098600138600139,False,LB,"HONEY - PRODUCTION, MEASURED IN LB",2024-07-02 12:00:00.000,USDA NASS QuickStats
SOUTH DAKOTA,Milk,matched,4161000000.0,4161000000.0,0.0,0.0,True,LB,"MILK - PRODUCTION, MEASURED IN LB",2024-04-23 15:00:00.000,USDA NASS QuickStats
TENNESSEE,Honey,matched,423000.0,708241.0,285241.0,67.43286052009456,False,LB,"HONEY - PRODUCTION, MEASURED IN LB",2024-07-02 12:00:00.000,USDA NASS QuickStats
TENNESSEE,Milk,downloaded_only,,493000000.0,,,,LB,"MILK - PRODUCTION, MEASURED IN LB",2024-04-23 15:00:00.000,USDA NASS QuickStats
TEXAS,Honey,matched,8321000.0,8497622.0,176622.0,2.1226054560749907,False,LB,"HONEY - PRODUCTION, MEASURED IN LB",2024-07-02 12:00:00.000,USDA NASS QuickStats
TEXAS,Milk,matched,16524000000.0,16531000000.0,7000000.0,0.04236262406197047,False,LB,"MILK - PRODUCTION, MEASURED IN LB",2024-04-23 15:00:00.000,USDA NASS QuickStats
UTAH,Honey,matched,1196000.0,1027235.0,-168765.0,-14.110785953177258,False,LB,"HONEY - PRODUCTION, MEASURED IN LB",2024-07-02 12:00:00.000,USDA NASS QuickStats
UTAH,Milk,matched,2169000000.0,2170000000.0,1000000.0,0.04610419548178884,False,LB,"MILK - PRODUCTION, MEASURED IN LB",2024-04-23 15:00:00.000,USDA NASS QuickStats
VERMONT,Cheese,matched,147814000.0,147811000.0,-3000.0,-0.002029577712530613,False,LB,"CHEESE - PRODUCTION, MEASURED IN LB",2025-04-25 15:00:00.000,USDA NASS QuickStats
VERMONT,Honey,matched,282000.0,565491.0,283491.0,100.52872340425532,False,LB,"HONEY - PRODUCTION, MEASURED IN LB",2024-07-02 12:00:00.000,USDA NASS QuickStats
VERMONT,Milk,matched,2554000000.0,2554000000.0,0.0,0.0,True,LB,"MILK - PRODUCTION, MEASURED IN LB",2024-04-23 15:00:00.000,USDA NASS QuickStats
VIRGINIA,Honey,matched,266000.0,500797.0,234797.0,88.26954887218045,False,LB,"HONEY - PRODUCTION, MEASURED IN LB",2024-07-02 12:00:00.000,USDA NASS QuickStats
VIRGINIA,Milk,matched,1424000000.0,1424000000.0,0.0,0.0,True,LB,"MILK - PRODUCTION, MEASURED IN LB",2024-04-23 15:00:00.000,USDA NASS QuickStats
WASHINGTON,Honey,matched,2752000.0,3388225.0,636225.0,23.118640988372093,False,LB,"HONEY - PRODUCTION, MEASURED IN LB",2024-07-02 12:00:00.000,USDA NASS QuickStats
WASHINGTON,Milk,matched,6239000000.0,6239000000.0,0.0,0.0,True,LB,"MILK - PRODUCTION, MEASURED IN LB",2024-04-23 15:00:00.000,USDA NASS QuickStats
WEST VIRGINIA,Honey,matched,273000.0,365410.0,92410.0,33.84981684981685,False,LB,"HONEY - PRODUCTION, MEASURED IN LB",2024-07-02 12:00:00.000,USDA NASS QuickStats
WEST VIRGINIA,Milk,downloaded_only,,75000000.0,,,,LB,"MILK - PRODUCTION, MEASURED IN LB",2024-04-23 15:00:00.000,USDA NASS QuickStats
WISCONSIN,Cheese,matched,3520083000.0,3520640000.0,557000.0,0.015823490525649537,False,LB,"CHEESE - PRODUCTION, MEASURED IN LB",2025-04-25 15:00:00.000,USDA NASS QuickStats
WISCONSIN,Honey,matched,2915000.0,2660990.0,-254010.0,-8.713893653516296,False,LB,"HONEY - PRODUCTION, MEASURED IN LB",2024-07-02 12:00:00.000,USDA NASS QuickStats
WISCONSIN,Milk,matched,31882000000.0,31882000000.0,0.0,0.0,True,LB,"MILK - PRODUCTION, MEASURED IN LB",2024-04-23 15:00:00.000,USDA NASS QuickStats
WYOMING,Honey,matched,1350000.0,1224763.0,-125237.0,-9.276814814814815,False,LB,"HONEY - PRODUCTION, MEASURED IN LB",2024-07-02 12:00:00.000,USDA NASS QuickStats
WYOMING,Milk,downloaded_only,,239600000.0,,,,LB,"MILK - PRODUCTION, MEASURED IN LB",2024-04-23 15:00:00.000,USDA NASS QuickStats
