source_desc,sector_desc,group_desc,commodity_desc,class_desc,prodn_practice_desc,util_practice_desc,statisticcat_desc,unit_desc,short_desc,domain_desc,domaincat_desc,agg_level_desc,state_ansi,state_fips_code,state_alpha,state_name,asd_code,asd_desc,county_ansi,county_code,county_name,region_desc,zip_5,watershed_code,watershed_desc,congr_district_code,country_code,country_name,location_desc,year,freq_desc,begin_code,end_code,reference_period_desc,week_ending,load_time,Value,CV (%)
CENSUS,ANIMALS & PRODUCTS,SPECIALTY,HONEY,ALL CLASSES,ALL PRODUCTION PRACTICES,ALL UTILIZATION PRACTICES,PRODUCTION,LB,"HONEY - PRODUCTION, MEASURED IN LB",TOTAL,NOT SPECIFIED,STATE,01,01,AL,ALABAMA,,,,,,,,00000000,,,9000,UNITED STATES,ALABAMA,2022,ANNUAL,00,00,YEAR,,2024-07-02 12:00:00.000,"535,501",24.7
CENSUS,ANIMALS & PRODUCTS,SPECIALTY,HONEY,ALL CLASSES,ALL PRODUCTION PRACTICES,ALL UTILIZATION PRACTICES,PRODUCTION,LB,"HONEY - PRODUCTION, MEASURED IN LB",TOTAL,NOT SPECIFIED,STATE,02,02,AK,ALASKA,,,,,,,,00000000,,,9000,UNITED STATES,ALASKA,2022,ANNUAL,00,00,YEAR,,2024-07-02 12:00:00.000,"28,491",(L)
CENSUS,ANIMALS & PRODUCTS,SPECIALTY,HONEY,ALL CLASSES,ALL PRODUCTION PRACTICES,ALL UTILIZATION PRACTICES,PRODUCTION,LB,"HONEY - PRODUCTION, MEASURED IN LB",TOTAL,NOT SPECIFIED,STATE,04,04,AZ,ARIZONA,,,,,,,,00000000,,,9000,UNITED STATES,ARIZONA,2022,ANNUAL,00,00,YEAR,,2024-07-02 12:00:00.000,"1,525,002",(H)
CENSUS,ANIMALS & PRODUCTS,SPECIALTY,HONEY,ALL CLASSES,ALL PRODUCTION PRACTICES,ALL UTILIZATION PRACTICES,PRODUCTION,LB,"HONEY - PRODUCTION, MEASURED IN LB",TOTAL,NOT SPECIFIED,STATE,05,05,AR,ARKANSAS,,,,,,,,00000000,,,9000,UNITED STATES,ARKANSAS,2022,ANNUAL,00,00,YEAR,,2024-07-02 12:00:00.000,"1,029,923",7.1
CENSUS,ANIMALS & PRODUCTS,SPECIALTY,HONEY,ALL CLASSES,ALL PRODUCTION PRACTICES,ALL UTILIZATION PRACTICES,PRODUCTION,LB,"HONEY - PRODUCTION, MEASURED IN LB",TOTAL,NOT SPECIFIED,STATE,06,06,CA,CALIFORNIA,,,,,,,,00000000,,,9000,UNITED STATES,CALIFORNIA,2022,ANNUAL,00,00,YEAR,,2024-07-02 12:00:00.000,"28,502,379",20.9
CENSUS,ANIMALS & PRODUCTS,SPECIALTY,HONEY,ALL CLASSES,ALL PRODUCTION PRACTICES,ALL UTILIZATION PRACTICES,PRODUCTION,LB,"HONEY - PRODUCTION, MEASURED IN LB",TOTAL,NOT SPECIFIED,STATE,08,08,CO,COLORADO,,,,,,,,00000000,,,9000,UNITED STATES,COLORADO,2022,ANNUAL,00,00,YEAR,,2024-07-02 12:00:00.000,"1,276,922",4.6
CENSUS,ANIMALS & PRODUCTS,SPECIALTY,HONEY,ALL CLASSES,ALL PRODUCTION PRACTICES,ALL UTILIZATION PRACTICES,PRODUCTION,LB,"HONEY - PRODUCTION, MEASURED IN LB",TOTAL,NOT SPECIFIED,STATE,09,09,CT,CONNECTICUT,,,,,,,,00000000,,,9000,UNITED STATES,CONNECTICUT,2022,ANNUAL,00,00,YEAR,,2024-07-02 12:00:00.000,"240,332",10.3
CENSUS,ANIMALS & PRODUCTS,SPECIALTY,HONEY,ALL CLASSES,ALL PRODUCTION PRACTICES,ALL UTILIZATION PRACTICES,PRODUCTION,LB,"HONEY - PRODUCTION, MEASURED IN LB",TOTAL,NOT SPECIFIED,STATE,10,10,DE,DELAWARE,,,,,,,,00000000,,,9000,UNITED STATES,DELAWARE,2022,ANNUAL,00,00,YEAR,,2024-07-02 12:00:00.000,"14,726",17.6
CENSUS,ANIMALS & PRODUCTS,SPECIALTY,HONEY,ALL CLASSES,ALL PRODUCTION PRACTICES,ALL UTILIZATION PRACTICES,PRODUCTION,LB,"HONEY - PRODUCTION, MEASURED IN LB",TOTAL,NOT SPECIFIED,STATE,12,12,FL,FLORIDA,,,,,,,,00000000,,,9000,UNITED STATES,FLORIDA,2022,ANNUAL,00,00,YEAR,,2024-07-02 12:00:00.000,"14,526,000",60.6
CENSUS,ANIMALS & PRODUCTS,SPECIALTY,HONEY,ALL CLASSES,ALL PRODUCTION PRACTICES,ALL UTILIZATION PRACTICES,PRODUCTION,LB,"HONEY - PRODUCTION, MEASURED IN LB",TOTAL,NOT SPECIFIED,STATE,13,13,GA,GEORGIA,,,,,,,,00000000,,,9000,UNITED STATES,GEORGIA,2022,ANNUAL,00,00,YEAR,,2024-07-02 12:00:00.000,"4,994,913",14.4
CENSUS,ANIMALS & PRODUCTS,SPECIALTY,HONEY,ALL CLASSES,ALL PRODUCTION PRACTICES,ALL UTILIZATION PRACTICES,PRODUCTION,LB,"HONEY - PRODUCTION, MEASURED IN LB",TOTAL,NOT SPECIFIED,STATE,15,15,HI,HAWAII,,,,,,,,00000000,,,9000,UNITED STATES,HAWAII,2022,ANNUAL,00,00,YEAR,,2024-07-02 12:00:00.000,"2,170,545",9.9
CENSUS,ANIMALS & PRODUCTS,SPECIALTY,HONEY,ALL CLASSES,ALL PRODUCTION PRACTICES,ALL UTILIZATION PRACTICES,PRODUCTION,LB,"HONEY - PRODUCTION, MEASURED IN LB",TOTAL,NOT SPECIFIED,STATE,16,16,ID,IDAHO,,,,,,,,00000000,,,9000,UNITED STATES,IDAHO,2022,ANNUAL,00,00,YEAR,,2024-07-02 12:00:00.000,"5,762,856",28.0
CENSUS,ANIMALS & PRODUCTS,SPECIALTY,HONEY,ALL CLASSES,ALL PRODUCTION PRACTICES,ALL UTILIZATION PRACTICES,PRODUCTION,LB,"HONEY - PRODUCTION, MEASURED IN LB",TOTAL,NOT SPECIFIED,STATE,17,17,IL,ILLINOIS,,,,,,,,00000000,,,9000,UNITED STATES,ILLINOIS,2022,ANNUAL,00,00,YEAR,,2024-07-02 12:00:00.000,"803,845",7.5
CENSUS,ANIMALS & PRODUCTS,SPECIALTY,HONEY,ALL CLASSES,ALL PRODUCTION PRACTICES,ALL UTILIZATION PRACTICES,PRODUCTION,LB,"HONEY - PRODUCTION, MEASURED IN LB",TOTAL,NOT SPECIFIED,STATE,18,18,IN,INDIANA,,,,,,,,00000000,,,9000,UNITED STATES,INDIANA,2022,ANNUAL,00,00,YEAR,,2024-07-02 12:00:00.000,"908,140",4.7
CENSUS,ANIMALS & PRODUCTS,SPECIALTY,HONEY,ALL CLASSES,ALL PRODUCTION PRACTICES,ALL UTILIZATION PRACTICES,PRODUCTION,LB,"HONEY - PRODUCTION, MEASURED IN LB",TOTAL,NOT SPECIFIED,STATE,19,19,IA,IOWA,,,,,,,,00000000,,,9000,UNITED STATES,IOWA,2022,ANNUAL,00,00,YEAR,,2024-07-02 12:00:00.000,"2,104,054",7.5
CENSUS,ANIMALS & PRODUCTS,SPECIALTY,HONEY,ALL CLASSES,ALL PRODUCTION PRACTICES,ALL UTILIZATION PRACTICES,PRODUCTION,LB,"HONEY - PRODUCTION, MEASURED IN LB",TOTAL,NOT SPECIFIED,STATE,20,20,KS,KANSAS,,,,,,,,00000000,,,9000,UNITED STATES,KANSAS,2022,ANNUAL,00,00,YEAR,,2024-07-02 12:00:00.000,"845,894",43.8
CENSUS,ANIMALS & PRODUCTS,SPECIALTY,HONEY,ALL CLASSES,ALL PRODUCTION PRACTICES,ALL UTILIZATION PRACTICES,PRODUCTION,LB,"HONEY - PRODUCTION, MEASURED IN LB",TOTAL,NOT SPECIFIED,STATE,21,21,KY,KENTUCKY,,,,,,,,00000000,,,9000,UNITED STATES,KENTUCKY,2022,ANNUAL,00,00,YEAR,,2024-07-02 12:00:00.000,"482,601",15.7
CENSUS,ANIMALS & PRODUCTS,SPECIALTY,HONEY,ALL CLASSES,ALL PRODUCTION PRACTICES,ALL UTILIZATION PRACTICES,PRODUCTION,LB,"HONEY - PRODUCTION, MEASURED IN LB",TOTAL,NOT SPECIFIED,STATE,22,22,LA,LOUISIANA,,,,,,,,00000000,,,9000,UNITED STATES,LOUISIANA,2022,ANNUAL,00,00,YEAR,,2024-07-02 12:00:00.000,"3,989,186",26.1
CENSUS,ANIMALS & PRODUCTS,SPECIALTY,HONEY,ALL CLASSES,ALL PRODUCTION PRACTICES,ALL UTILIZATION PRACTICES,PRODUCTION,LB,"HONEY - PRODUCTION, MEASURED IN LB",TOTAL,NOT SPECIFIED,STATE,23,23,ME,MAINE,,,,,,,,00000000,,,9000,UNITED STATES,MAINE,2022,ANNUAL,00,00,YEAR,,2024-07-02 12:00:00.000,"292,411",99.1
CENSUS,ANIMALS & PRODUCTS,SPECIALTY,HONEY,ALL CLASSES,ALL PRODUCTION PRACTICES,ALL UTILIZATION PRACTICES,PRODUCTION,LB,"HONEY - PRODUCTION, MEASURED IN LB",TOTAL,NOT SPECIFIED,STATE,24,24,MD,MARYLAND,,,,,,,,00000000,,,9000,UNITED STATES,MARYLAND,2022,ANNUAL,00,00,YEAR,,2024-07-02 12:00:00.000,"222,384",7.1
CENSUS,ANIMALS & PRODUCTS,SPECIALTY,HONEY,ALL CLASSES,ALL PRODUCTION PRACTICES,ALL UTILIZATION PRACTICES,PRODUCTION,LB,"HONEY - PRODUCTION, MEASURED IN LB",TOTAL,NOT SPECIFIED,STATE,25,25,MA,MASSACHUSETTS,,,,,,,,00000000,,,9000,UNITED STATES,MASSACHUSETTS,2022,ANNUAL,00,00,YEAR,,2024-07-02 12:00:00.000,"495,799",17.7
CENSUS,ANIMALS & PRODUCTS,SPECIALTY,HONEY,ALL CLASSES,ALL PRODUCTION PRACTICES,ALL UTILIZATION PRACTICES,PRODUCTION,LB,"HONEY - PRODUCTION, MEASURED IN LB",TOTAL,NOT SPECIFIED,STATE,26,26,MI,MICHIGAN,,,,,,,,00000000,,,9000,UNITED STATES,MICHIGAN,2022,ANNUAL,00,00,YEAR,,2024-07-02 12:00:00.000,"6,168,358",43.1
CENSUS,ANIMALS & PRODUCTS,SPECIALTY,HONEY,ALL CLASSES,ALL PRODUCTION PRACTICES,ALL UTILIZATION PRACTICES,PRODUCTION,LB,"HONEY - PRODUCTION, MEASURED IN LB",TOTAL,NOT SPECIFIED,STATE,27,27,MN,MINNESOTA,,,,,,,,00000000,,,9000,UNITED STATES,MINNESOTA,2022,ANNUAL,00,00,YEAR,,2024-07-02 12:00:00.000,"8,865,510",24.0
CENSUS,ANIMALS & PRODUCTS,SPECIALTY,HONEY,ALL CLASSES,ALL PRODUCTION PRACTICES,ALL UTILIZATION PRACTICES,PRODUCTION,LB,"HONEY - PRODUCTION, MEASURED IN LB",TOTAL,NOT SPECIFIED,STATE,28,28,MS,MISSISSIPPI,,,,,,,,00000000,,,9000,UNITED STATES,MISSISSIPPI,2022,ANNUAL,00,00,YEAR,,2024-07-02 12:00:00.000,"3,256,416",7.1
CENSUS,ANIMALS & PRODUCTS,SPECIALTY,HONEY,ALL CLASSES,ALL PRODUCTION PRACTICES,ALL UTILIZATION PRACTICES,PRODUCTION,LB,"HONEY - PRODUCTION, MEASURED IN LB",TOTAL,NOT SPECIFIED,STATE,29,29,MO,MISSOURI,,,,,,,,00000000,,,9000,UNITED STATES,MISSOURI,2022,ANNUAL,00,00,YEAR,,2024-07-02 12:00:00.000,"720,693",18.7
CENSUS,ANIMALS & PRODUCTS,SPECIALTY,HONEY,ALL CLASSES,ALL PRODUCTION PRACTICES,ALL UTILIZATION PRACTICES,PRODUCTION,LB,"HONEY - PRODUCTION, MEASURED IN LB",TOTAL,NOT SPECIFIED,STATE,30,30,MT,MONTANA,,,,,,,,00000000,,,9000,UNITED STATES,MONTANA,2022,ANNUAL,00,00,YEAR,,2024-07-02 12:00:00.000,"8,822,137",22.7
CENSUS,ANIMALS & PRODUCTS,SPECIALTY,HONEY,ALL CLASSES,ALL PRODUCTION PRACTICES,ALL UTILIZATION PRACTICES,PRODUCTION,LB,"HONEY - PRODUCTION, MEASURED IN LB",TOTAL,NOT SPECIFIED,STATE,31,31,NE,NEBRASKA,,,,,,,,00000000,,,9000,UNITED STATES,NEBRASKA,2022,ANNUAL,00,00,YEAR,,2024-07-02 12:00:00.000,"2,400,761",27.4
CENSUS,ANIMALS & PRODUCTS,SPECIALTY,HONEY,ALL CLASSES,ALL PRODUCTION PRACTICES,ALL UTILIZATION PRACTICES,PRODUCTION,LB,"HONEY - PRODUCTION, MEASURED IN LB",TOTAL,NOT SPECIFIED,STATE,32,32,NV,NEVADA,,,,,,,,00000000,,,9000,UNITED STATES,NEVADA,2022,ANNUAL,00,00,YEAR,,2024-07-02 12:00:00.000,"121,005",21.2
CENSUS,ANIMALS & PRODUCTS,SPECIALTY,HONEY,ALL CLASSES,ALL PRODUCTION PRACTICES,ALL UTILIZATION PRACTICES,PRODUCTION,LB,"HONEY - PRODUCTION, MEASURED IN LB",TOTAL,NOT SPECIFIED,STATE,33,33,NH,NEW HAMPSHIRE,,,,,,,,00000000,,,9000,UNITED STATES,NEW HAMPSHIRE,2022,ANNUAL,00,00,YEAR,,2024-07-02 12:00:00.000,"158,122",21.5
CENSUS,ANIMALS & PRODUCTS,SPECIALTY,HONEY,ALL CLASSES,ALL PRODUCTION PRACTICES,ALL UTILIZATION PRACTICES,PRODUCTION,LB,"HONEY - PRODUCTION, MEASURED IN LB",TOTAL,NOT SPECIFIED,STATE,34,34,NJ,NEW JERSEY,,,,,,,,00000000,,,9000,UNITED STATES,NEW JERSEY,2022,ANNUAL,00,00,YEAR,,2024-07-02 12:00:00.000,"636,431",4.1
CENSUS,ANIMALS & PRODUCTS,SPECIALTY,HONEY,ALL CLASSES,ALL PRODUCTION PRACTICES,ALL UTILIZATION PRACTICES,PRODUCTION,LB,"HONEY - PRODUCTION, MEASURED IN LB",TOTAL,NOT SPECIFIED,STATE,35,35,NM,NEW MEXICO,,,,,,,,00000000,,,9000,UNITED STATES,NEW MEXICO,2022,ANNUAL,00,00,YEAR,,2024-07-02 12:00:00.000,"342,073",9.8
CENSUS,ANIMALS & PRODUCTS,SPECIALTY,HONEY,ALL CLASSES,ALL PRODUCTION PRACTICES,ALL UTILIZATION PRACTICES,PRODUCTION,LB,"HONEY - PRODUCTION, MEASURED IN LB",TOTAL,NOT SPECIFIED,STATE,36,36,NY,NEW YORK,,,,,,,,00000000,,,9000,UNITED STATES,NEW YORK,2022,ANNUAL,00,00,YEAR,,2024-07-02 12:00:00.000,"2,847,841",8.3
CENSUS,ANIMALS & PRODUCTS,SPECIALTY,HONEY,ALL CLASSES,ALL PRODUCTION PRACTICES,ALL UTILIZATION PRACTICES,PRODUCTION,LB,"HONEY - PRODUCTION, MEASURED IN LB",TOTAL,NOT SPECIFIED,STATE,37,37,NC,NORTH CAROLINA,,,,,,,,00000000,,,9000,UNITED STATES,NORTH CAROLINA,2022,ANNUAL,00,00,YEAR,,2024-07-02 12:00:00.000,"1,026,513",8.8
CENSUS,ANIMALS & PRODUCTS,SPECIALTY,HONEY,ALL CLASSES,ALL PRODUCTION PRACTICES,ALL UTILIZATION PRACTICES,PRODUCTION,LB,"HONEY - PRODUCTION, MEASURED IN LB",TOTAL,NOT SPECIFIED,STATE,38,38,ND,NORTH DAKOTA,,,,,,,,00000000,,,9000,UNITED STATES,NORTH DAKOTA,2022,ANNUAL,00,00,YEAR,,2024-07-02 12:00:00.000,"40,873,481",20.0
CENSUS,ANIMALS & PRODUCTS,SPECIALTY,HONEY,ALL CLASSES,ALL PRODUCTION PRACTICES,ALL UTILIZATION PRACTICES,PRODUCTION,LB,"HONEY - PRODUCTION, MEASURED IN LB",TOTAL,NOT SPECIFIED,STATE,39,39,OH,OHIO,,,,,,,,00000000,,,9000,UNITED STATES,OHIO,2022,ANNUAL,00,00,YEAR,,2024-07-02 12:00:00.000,"1,825,233",5.4
CENSUS,ANIMALS & PRODUCTS,SPECIALTY,HONEY,ALL CLASSES,ALL PRODUCTION PRACTICES,ALL UTILIZATION PRACTICES,PRODUCTION,LB,"HONEY - PRODUCTION, MEASURED IN LB",TOTAL,NOT SPECIFIED,STATE,40,40,OK,OKLAHOMA,,,,,,,,00000000,,,9000,UNITED STATES,OKLAHOMA,2022,ANNUAL,00,00,YEAR,,2024-07-02 12:00:00.000,"234,008",6.4
CENSUS,ANIMALS & PRODUCTS,SPECIALTY,HONEY,ALL CLASSES,ALL PRODUCTION PRACTICES,ALL UTILIZATION PRACTICES,PRODUCTION,LB,"HONEY - PRODUCTION, MEASURED IN LB",TOTAL,NOT SPECIFIED,STATE,41,41,OR,OREGON,,,,,,,,00000000,,,9000,UNITED STATES,OREGON,2022,ANNUAL,00,00,YEAR,,2024-07-02 12:00:00.000,"4,373,045",6.7
CENSUS,ANIMALS & PRODUCTS,SPECIALTY,HONEY,ALL CLASSES,ALL PRODUCTION PRACTICES,ALL UTILIZATION PRACTICES,PRODUCTION,LB,"HONEY - PRODUCTION, MEASURED IN LB",TOTAL,NOT SPECIFIED,STATE,42,42,PA,PENNSYLVANIA,,,,,,,,00000000,,,9000,UNITED STATES,PENNSYLVANIA,2022,ANNUAL,00,00,YEAR,,2024-07-02 12:00:00.000,"1,767,195",8.9
CENSUS,ANIMALS & PRODUCTS,SPECIALTY,HONEY,ALL CLASSES,ALL PRODUCTION PRACTICES,ALL UTILIZATION PRACTICES,PRODUCTION,LB,"HONEY - PRODUCTION, MEASURED IN LB",TOTAL,NOT SPECIFIED,STATE,44,44,RI,RHODE ISLAND,,,,,,,,00000000,,,9000,UNITED STATES,RHODE ISLAND,2022,ANNUAL,00,00,YEAR,,2024-07-02 12:00:00.000,"68,208",9.7
CENSUS,ANIMALS & PRODUCTS,SPECIALTY,HONEY,ALL CLASSES,ALL PRODUCTION PRACTICES,ALL UTILIZATION PRACTICES,PRODUCTION,LB,"HONEY - PRODUCTION, MEASURED IN LB",TOTAL,NOT SPECIFIED,STATE,45,45,SC,SOUTH CAROLINA,,,,,,,,00000000,,,9000,UNITED STATES,SOUTH CAROLINA,2022,ANNUAL,00,00,YEAR,,2024-07-02 12:00:00.000,"541,974",23.8
CENSUS,ANIMALS & PRODUCTS,SPECIALTY,HONEY,ALL CLASSES,ALL PRODUCTION PRACTICES,ALL UTILIZATION PRACTICES,PRODUCTION,LB,"HONEY - PRODUCTION, MEASURED IN LB",TOTAL,NOT SPECIFIED,STATE,46,46,SD,SOUTH DAKOTA,,,,,,,,00000000,,,9000,UNITED STATES,SOUTH DAKOTA,2022,ANNUAL,00,00,YEAR,,2024-07-02 12:00:00.000,"7,799,314",23.8
CENSUS,ANIMALS & PRODUCTS,SPECIALTY,HONEY,ALL CLASSES,ALL PRODUCTION PRACTICES,ALL UTILIZATION PRACTICES,PRODUCTION,LB,"HONEY - PRODUCTION, MEASURED IN LB",TOTAL,NOT SPECIFIED,STATE,47,47,TN,TENNESSEE,,,,,,,,00000000,,,9000,UNITED STATES,TENNESSEE,2022,ANNUAL,00,00,YEAR,,2024-07-02 12:00:00.000,"708,241",10.2
CENSUS,ANIMALS & PRODUCTS,SPECIALTY,HONEY,ALL CLASSES,ALL PRODUCTION PRACTICES,ALL UTILIZATION PRACTICES,PRODUCTION,LB,"HONEY - PRODUCTION, MEASURED IN LB",TOTAL,NOT SPECIFIED,STATE,48,48,TX,TEXAS,,,,,,,,00000000,,,9000,UNITED STATES,TEXAS,2022,ANNUAL,00,00,YEAR,,2024-07-02 12:00:00.000,"8,497,622",4.3
CENSUS,ANIMALS & PRODUCTS,SPECIALTY,HONEY,ALL CLASSES,ALL PRODUCTION PRACTICES,ALL UTILIZATION PRACTICES,PRODUCTION,LB,"HONEY - PRODUCTION, MEASURED IN LB",TOTAL,NOT SPECIFIED,STATE,49,49,UT,UTAH,,,,,,,,00000000,,,9000,UNITED STATES,UTAH,2022,ANNUAL,00,00,YEAR,,2024-07-02 12:00:00.000,"1,027,235",30.3
CENSUS,ANIMALS & PRODUCTS,SPECIALTY,HONEY,ALL CLASSES,ALL PRODUCTION PRACTICES,ALL UTILIZATION PRACTICES,PRODUCTION,LB,"HONEY - PRODUCTION, MEASURED IN LB",TOTAL,NOT SPECIFIED,STATE,50,50,VT,VERMONT,,,,,,,,00000000,,,9000,UNITED STATES,VERMONT,2022,ANNUAL,00,00,YEAR,,2024-07-02 12:00:00.000,"565,491",27.6
CENSUS,ANIMALS & PRODUCTS,SPECIALTY,HONEY,ALL CLASSES,ALL PRODUCTION PRACTICES,ALL UTILIZATION PRACTICES,PRODUCTION,LB,"HONEY - PRODUCTION, MEASURED IN LB",TOTAL,NOT SPECIFIED,STATE,51,51,VA,VIRGINIA,,,,,,,,00000000,,,9000,UNITED STATES,VIRGINIA,2022,ANNUAL,00,00,YEAR,,2024-07-02 12:00:00.000,"500,797",24.4
CENSUS,ANIMALS & PRODUCTS,SPECIALTY,HONEY,ALL CLASSES,ALL PRODUCTION PRACTICES,ALL UTILIZATION PRACTICES,PRODUCTION,LB,"HONEY - PRODUCTION, MEASURED IN LB",TOTAL,NOT SPECIFIED,STATE,53,53,WA,WASHINGTON,,,,,,,,00000000,,,9000,UNITED STATES,WASHINGTON,2022,ANNUAL,00,00,YEAR,,2024-07-02 12:00:00.000,"3,388,225",9.5
CENSUS,ANIMALS & PRODUCTS,SPECIALTY,HONEY,ALL CLASSES,ALL PRODUCTION PRACTICES,ALL UTILIZATION PRACTICES,PRODUCTION,LB,"HONEY - PRODUCTION, MEASURED IN LB",TOTAL,NOT SPECIFIED,STATE,54,54,WV,WEST VIRGINIA,,,,,,,,00000000,,,9000,UNITED STATES,WEST VIRGINIA,2022,ANNUAL,00,00,YEAR,,2024-07-02 12:00:00.000,"365,410",6.6
CENSUS,ANIMALS & PRODUCTS,SPECIALTY,HONEY,ALL CLASSES,ALL PRODUCTION PRACTICES,ALL UTILIZATION PRACTICES,PRODUCTION,LB,"HONEY - PRODUCTION, MEASURED IN LB",TOTAL,NOT SPECIFIED,STATE,55,55,WI,WISCONSIN,,,,,,,,00000000,,,9000,UNITED STATES,WISCONSIN,2022,ANNUAL,00,00,YEAR,,2024-07-02 12:00:00.000,"2,660,990",16.2
CENSUS,ANIMALS & PRODUCTS,SPECIALTY,HONEY,ALL CLASSES,ALL PRODUCTION PRACTICES,ALL UTILIZATION PRACTICES,PRODUCTION,LB,"HONEY - PRODUCTION, MEASURED IN LB",TOTAL,NOT SPECIFIED,STATE,56,56,WY,WYOMING,,,,,,,,00000000,,,9000,UNITED STATES,WYOMING,2022,ANNUAL,00,00,YEAR,,2024-07-02 12:00:00.000,"1,224,763",19.3
CENSUS,ANIMALS & PRODUCTS,SPECIALTY,HONEY,ALL CLASSES,ALL PRODUCTION PRACTICES,ALL UTILIZATION PRACTICES,PRODUCTION,OPERATIONS,HONEY - OPERATIONS WITH PRODUCTION,TOTAL,NOT SPECIFIED,STATE,01,01,AL,ALABAMA,,,,,,,,00000000,,,9000,UNITED STATES,ALABAMA,2022,ANNUAL,00,00,YEAR,,2024-07-02 12:00:00.000,"1,072",23.3
CENSUS,ANIMALS & PRODUCTS,SPECIALTY,HONEY,ALL CLASSES,ALL PRODUCTION PRACTICES,ALL UTILIZATION PRACTICES,PRODUCTION,OPERATIONS,HONEY - OPERATIONS WITH PRODUCTION,TOTAL,NOT SPECIFIED,STATE,02,02,AK,ALASKA,,,,,,,,00000000,,,9000,UNITED STATES,ALASKA,2022,ANNUAL,00,00,YEAR,,2024-07-02 12:00:00.000,117,(L)
CENSUS,ANIMALS & PRODUCTS,SPECIALTY,HONEY,ALL CLASSES,ALL PRODUCTION PRACTICES,ALL UTILIZATION PRACTICES,PRODUCTION,OPERATIONS,HONEY - OPERATIONS WITH PRODUCTION,TOTAL,NOT SPECIFIED,STATE,04,04,AZ,ARIZONA,,,,,,,,00000000,,,9000,UNITED STATES,ARIZONA,2022,ANNUAL,00,00,YEAR,,2024-07-02 12:00:00.000,200,35.2
CENSUS,ANIMALS & PRODUCTS,SPECIALTY,HONEY,ALL CLASSES,ALL PRODUCTION PRACTICES,ALL UTILIZATION PRACTICES,PRODUCTION,OPERATIONS,HONEY - OPERATIONS WITH PRODUCTION,TOTAL,NOT SPECIFIED,STATE,05,05,AR,ARKANSAS,,,,,,,,00000000,,,9000,UNITED STATES,ARKANSAS,2022,ANNUAL,00,00,YEAR,,2024-07-02 12:00:00.000,669,12.6
CENSUS,ANIMALS & PRODUCTS,SPECIALTY,HONEY,ALL CLASSES,ALL PRODUCTION PRACTICES,ALL UTILIZATION PRACTICES,PRODUCTION,OPERATIONS,HONEY - OPERATIONS WITH PRODUCTION,TOTAL,NOT SPECIFIED,STATE,06,06,CA,CALIFORNIA,,,,,,,,00000000,,,9000,UNITED STATES,CALIFORNIA,2022,ANNUAL,00,00,YEAR,,2024-07-02 12:00:00.000,"1,221",11.2
CENSUS,ANIMALS & PRODUCTS,SPECIALTY,HONEY,ALL CLASSES,ALL PRODUCTION PRACTICES,ALL UTILIZATION PRACTICES,PRODUCTION,OPERATIONS,HONEY - OPERATIONS WITH PRODUCTION,TOTAL,NOT SPECIFIED,STATE,08,08,CO,COLORADO,,,,,,,,00000000,,,9000,UNITED STATES,COLORADO,2022,ANNUAL,00,00,YEAR,,2024-07-02 12:00:00.000,"1,027",6.9
CENSUS,ANIMALS & PRODUCTS,SPECIALTY,HONEY,ALL CLASSES,ALL PRODUCTION PRACTICES,ALL UTILIZATION PRACTICES,PRODUCTION,OPERATIONS,HONEY - OPERATIONS WITH PRODUCTION,TOTAL,NOT SPECIFIED,STATE,09,09,CT,CONNECTICUT,,,,,,,,00000000,,,9000,UNITED STATES,CONNECTICUT,2022,ANNUAL,00,00,YEAR,,2024-07-02 12:00:00.000,328,12.6
CENSUS,ANIMALS & PRODUCTS,SPECIALTY,HONEY,ALL CLASSES,ALL PRODUCTION PRACTICES,ALL UTILIZATION PRACTICES,PRODUCTION,OPERATIONS,HONEY - OPERATIONS WITH PRODUCTION,TOTAL,NOT SPECIFIED,STATE,10,10,DE,DELAWARE,,,,,,,,00000000,,,9000,UNITED STATES,DELAWARE,2022,ANNUAL,00,00,YEAR,,2024-07-02 12:00:00.000,48,14.9
CENSUS,ANIMALS & PRODUCTS,SPECIALTY,HONEY,ALL CLASSES,ALL PRODUCTION PRACTICES,ALL UTILIZATION PRACTICES,PRODUCTION,OPERATIONS,HONEY - OPERATIONS WITH PRODUCTION,TOTAL,NOT SPECIFIED,STATE,12,12,FL,FLORIDA,,,,,,,,00000000,,,9000,UNITED STATES,FLORIDA,2022,ANNUAL,00,00,YEAR,,2024-07-02 12:00:00.000,"1,472",58.3
CENSUS,ANIMALS & PRODUCTS,SPECIALTY,HONEY,ALL CLASSES,ALL PRODUCTION PRACTICES,ALL UTILIZATION PRACTICES,PRODUCTION,OPERATIONS,HONEY - OPERATIONS WITH PRODUCTION,TOTAL,NOT SPECIFIED,STATE,13,13,GA,GEORGIA,,,,,,,,00000000,,,9000,UNITED STATES,GEORGIA,2022,ANNUAL,00,00,YEAR,,2024-07-02 12:00:00.000,"1,311",6.8
CENSUS,ANIMALS & PRODUCTS,SPECIALTY,HONEY,ALL CLASSES,ALL PRODUCTION PRACTICES,ALL UTILIZATION PRACTICES,PRODUCTION,OPERATIONS,HONEY - OPERATIONS WITH PRODUCTION,TOTAL,NOT SPECIFIED,STATE,15,15,HI,HAWAII,,,,,,,,00000000,,,9000,UNITED STATES,HAWAII,2022,ANNUAL,00,00,YEAR,,2024-07-02 12:00:00.000,279,13.6
CENSUS,ANIMALS & PRODUCTS,SPECIALTY,HONEY,ALL CLASSES,ALL PRODUCTION PRACTICES,ALL UTILIZATION PRACTICES,PRODUCTION,OPERATIONS,HONEY - OPERATIONS WITH PRODUCTION,TOTAL,NOT SPECIFIED,STATE,16,16,ID,IDAHO,,,,,,,,00000000,,,9000,UNITED STATES,IDAHO,2022,ANNUAL,00,00,YEAR,,2024-07-02 12:00:00.000,394,9.9
CENSUS,ANIMALS & PRODUCTS,SPECIALTY,HONEY,ALL CLASSES,ALL PRODUCTION PRACTICES,ALL UTILIZATION PRACTICES,PRODUCTION,OPERATIONS,HONEY - OPERATIONS WITH PRODUCTION,TOTAL,NOT SPECIFIED,STATE,17,17,IL,ILLINOIS,,,,,,,,00000000,,,9000,UNITED STATES,ILLINOIS,2022,ANNUAL,00,00,YEAR,,2024-07-02 12:00:00.000,"1,750",5.2
CENSUS,ANIMALS & PRODUCTS,SPECIALTY,HONEY,ALL CLASSES,ALL PRODUCTION PRACTICES,ALL UTILIZATION PRACTICES,PRODUCTION,OPERATIONS,HONEY - OPERATIONS WITH PRODUCTION,TOTAL,NOT SPECIFIED,STATE,18,18,IN,INDIANA,,,,,,,,00000000,,,9000,UNITED STATES,INDIANA,2022,ANNUAL,00,00,YEAR,,2024-07-02 12:00:00.000,"1,246",3.9
CENSUS,ANIMALS & PRODUCTS,SPECIALTY,HONEY,ALL CLASSES,ALL PRODUCTION PRACTICES,ALL UTILIZATION PRACTICES,PRODUCTION,OPERATIONS,HONEY - OPERATIONS WITH PRODUCTION,TOTAL,NOT SPECIFIED,STATE,19,19,IA,IOWA,,,,,,,,00000000,,,9000,UNITED STATES,IOWA,2022,ANNUAL,00,00,YEAR,,2024-07-02 12:00:00.000,"1,229",12.9
CENSUS,ANIMALS & PRODUCTS,SPECIALTY,HONEY,ALL CLASSES,ALL PRODUCTION PRACTICES,ALL UTILIZATION PRACTICES,PRODUCTION,OPERATIONS,HONEY - OPERATIONS WITH PRODUCTION,TOTAL,NOT SPECIFIED,STATE,20,20,KS,KANSAS,,,,,,,,00000000,,,9000,UNITED STATES,KANSAS,2022,ANNUAL,00,00,YEAR,,2024-07-02 12:00:00.000,762,10.4
CENSUS,ANIMALS & PRODUCTS,SPECIALTY,HONEY,ALL CLASSES,ALL PRODUCTION PRACTICES,ALL UTILIZATION PRACTICES,PRODUCTION,OPERATIONS,HONEY - OPERATIONS WITH PRODUCTION,TOTAL,NOT SPECIFIED,STATE,21,21,KY,KENTUCKY,,,,,,,,00000000,,,9000,UNITED STATES,KENTUCKY,2022,ANNUAL,00,00,YEAR,,2024-07-02 12:00:00.000,"1,635",19.6
CENSUS,ANIMALS & PRODUCTS,SPECIALTY,HONEY,ALL CLASSES,ALL PRODUCTION PRACTICES,ALL UTILIZATION PRACTICES,PRODUCTION,OPERATIONS,HONEY - OPERATIONS WITH PRODUCTION,TOTAL,NOT SPECIFIED,STATE,22,22,LA,LOUISIANA,,,,,,,,00000000,,,9000,UNITED STATES,LOUISIANA,2022,ANNUAL,00,00,YEAR,,2024-07-02 12:00:00.000,778,11.2
CENSUS,ANIMALS & PRODUCTS,SPECIALTY,HONEY,ALL CLASSES,ALL PRODUCTION PRACTICES,ALL UTILIZATION PRACTICES,PRODUCTION,OPERATIONS,HONEY - OPERATIONS WITH PRODUCTION,TOTAL,NOT SPECIFIED,STATE,23,23,ME,MAINE,,,,,,,,00000000,,,9000,UNITED STATES,MAINE,2022,ANNUAL,00,00,YEAR,,2024-07-02 12:00:00.000,313,13.6
CENSUS,ANIMALS & PRODUCTS,SPECIALTY,HONEY,ALL CLASSES,ALL PRODUCTION PRACTICES,ALL UTILIZATION PRACTICES,PRODUCTION,OPERATIONS,HONEY - OPERATIONS WITH PRODUCTION,TOTAL,NOT SPECIFIED,STATE,24,24,MD,MARYLAND,,,,,,,,00000000,,,9000,UNITED STATES,MARYLAND,2022,ANNUAL,00,00,YEAR,,2024-07-02 12:00:00.000,518,10.5
CENSUS,ANIMALS & PRODUCTS,SPECIALTY,HONEY,ALL CLASSES,ALL PRODUCTION PRACTICES,ALL UTILIZATION PRACTICES,PRODUCTION,OPERATIONS,HONEY - OPERATIONS WITH PRODUCTION,TOTAL,NOT SPECIFIED,STATE,25,25,MA,MASSACHUSETTS,,,,,,,,00000000,,,9000,UNITED STATES,MASSACHUSETTS,2022,ANNUAL,00,00,YEAR,,2024-07-02 12:00:00.000,512,8.8
CENSUS,ANIMALS & PRODUCTS,SPECIALTY,HONEY,ALL CLASSES,ALL PRODUCTION PRACTICES,ALL UTILIZATION PRACTICES,PRODUCTION,OPERATIONS,HONEY - OPERATIONS WITH PRODUCTION,TOTAL,NOT SPECIFIED,STATE,26,26,MI,MICHIGAN,,,,,,,,00000000,,,9000,UNITED STATES,MICHIGAN,2022,ANNUAL,00,00,YEAR,,2024-07-02 12:00:00.000,"1,566",7.8
CENSUS,ANIMALS & PRODUCTS,SPECIALTY,HONEY,ALL CLASSES,ALL PRODUCTION PRACTICES,ALL UTILIZATION PRACTICES,PRODUCTION,OPERATIONS,HONEY - OPERATIONS WITH PRODUCTION,TOTAL,NOT SPECIFIED,STATE,27,27,MN,MINNESOTA,,,,,,,,00000000,,,9000,UNITED STATES,MINNESOTA,2022,ANNUAL,00,00,YEAR,,2024-07-02 12:00:00.000,"1,075",14.1
CENSUS,ANIMALS & PRODUCTS,SPECIALTY,HONEY,ALL CLASSES,ALL PRODUCTION PRACTICES,ALL UTILIZATION PRACTICES,PRODUCTION,OPERATIONS,HONEY - OPERATIONS WITH PRODUCTION,TOTAL,NOT SPECIFIED,STATE,28,28,MS,MISSISSIPPI,,,,,,,,00000000,,,9000,UNITED STATES,MISSISSIPPI,2022,ANNUAL,00,00,YEAR,,2024-07-02 12:00:00.000,555,11.7
CENSUS,ANIMALS & PRODUCTS,SPECIALTY,HONEY,ALL CLASSES,ALL PRODUCTION PRACTICES,ALL UTILIZATION PRACTICES,PRODUCTION,OPERATIONS,HONEY - OPERATIONS WITH PRODUCTION,TOTAL,NOT SPECIFIED,STATE,29,29,MO,MISSOURI,,,,,,,,00000000,,,9000,UNITED STATES,MISSOURI,2022,ANNUAL,00,00,YEAR,,2024-07-02 12:00:00.000,"1,466",7.2
CENSUS,ANIMALS & PRODUCTS,SPECIALTY,HONEY,ALL CLASSES,ALL PRODUCTION PRACTICES,ALL UTILIZATION PRACTICES,PRODUCTION,OPERATIONS,HONEY - OPERATIONS WITH PRODUCTION,TOTAL,NOT SPECIFIED,STATE,30,30,MT,MONTANA,,,,,,,,00000000,,,9000,UNITED STATES,MONTANA,2022,ANNUAL,00,00,YEAR,,2024-07-02 12:00:00.000,298,26.3
CENSUS,ANIMALS & PRODUCTS,SPECIALTY,HONEY,ALL CLASSES,ALL PRODUCTION PRACTICES,ALL UTILIZATION PRACTICES,PRODUCTION,OPERATIONS,HONEY - OPERATIONS WITH PRODUCTION,TOTAL,NOT SPECIFIED,STATE,31,31,NE,NEBRASKA,,,,,,,,00000000,,,9000,UNITED STATES,NEBRASKA,2022,ANNUAL,00,00,YEAR,,2024-07-02 12:00:00.000,436,11.1
CENSUS,ANIMALS & PRODUCTS,SPECIALTY,HONEY,ALL CLASSES,ALL PRODUCTION PRACTICES,ALL UTILIZATION PRACTICES,PRODUCTION,OPERATIONS,HONEY - OPERATIONS WITH PRODUCTION,TOTAL,NOT SPECIFIED,STATE,32,32,NV,NEVADA,,,,,,,,00000000,,,9000,UNITED STATES,NEVADA,2022,ANNUAL,00,00,YEAR,,2024-07-02 12:00:00.000,114,16.1
CENSUS,ANIMALS & PRODUCTS,SPECIALTY,HONEY,ALL CLASSES,ALL PRODUCTION PRACTICES,ALL UTILIZATION PRACTICES,PRODUCTION,OPERATIONS,HONEY - OPERATIONS WITH PRODUCTION,TOTAL,NOT SPECIFIED,STATE,33,33,NH,NEW HAMPSHIRE,,,,,,,,00000000,,,9000,UNITED STATES,NEW HAMPSHIRE,2022,ANNUAL,00,00,YEAR,,2024-07-02 12:00:00.000,206,19.9
CENSUS,ANIMALS & PRODUCTS,SPECIALTY,HONEY,ALL CLASSES,ALL PRODUCTION PRACTICES,ALL UTILIZATION PRACTICES,PRODUCTION,OPERATIONS,HONEY - OPERATIONS WITH PRODUCTION,TOTAL,NOT SPECIFIED,STATE,34,34,NJ,NEW JERSEY,,,,,,,,00000000,,,9000,UNITED STATES,NEW JERSEY,2022,ANNUAL,00,00,YEAR,,2024-07-02 12:00:00.000,785,7.2
CENSUS,ANIMALS & PRODUCTS,SPECIALTY,HONEY,ALL CLASSES,ALL PRODUCTION PRACTICES,ALL UTILIZATION PRACTICES,PRODUCTION,OPERATIONS,HONEY - OPERATIONS WITH PRODUCTION,TOTAL,NOT SPECIFIED,STATE,35,35,NM,NEW MEXICO,,,,,,,,00000000,,,9000,UNITED STATES,NEW MEXICO,2022,ANNUAL,00,00,YEAR,,2024-07-02 12:00:00.000,318,14.0
CENSUS,ANIMALS & PRODUCTS,SPECIALTY,HONEY,ALL CLASSES,ALL PRODUCTION PRACTICES,ALL UTILIZATION PRACTICES,PRODUCTION,OPERATIONS,HONEY - OPERATIONS WITH PRODUCTION,TOTAL,NOT SPECIFIED,STATE,36,36,NY,NEW YORK,,,,,,,,00000000,,,9000,UNITED STATES,NEW YORK,2022,ANNUAL,00,00,YEAR,,2024-07-02 12:00:00.000,"1,547",8.6
CENSUS,ANIMALS & PRODUCTS,SPECIALTY,HONEY,ALL CLASSES,ALL PRODUCTION PRACTICES,ALL UTILIZATION PRACTICES,PRODUCTION,OPERATIONS,HONEY - OPERATIONS WITH PRODUCTION,TOTAL,NOT SPECIFIED,STATE,37,37,NC,NORTH CAROLINA,,,,,,,,00000000,,,9000,UNITED STATES,NORTH CAROLINA,2022,ANNUAL,00,00,YEAR,,2024-07-02 12:00:00.000,"1,813",12.9
CENSUS,ANIMALS & PRODUCTS,SPECIALTY,HONEY,ALL CLASSES,ALL PRODUCTION PRACTICES,ALL UTILIZATION PRACTICES,PRODUCTION,OPERATIONS,HONEY - OPERATIONS WITH PRODUCTION,TOTAL,NOT SPECIFIED,STATE,38,38,ND,NORTH DAKOTA,,,,,,,,00000000,,,9000,UNITED STATES,NORTH DAKOTA,2022,ANNUAL,00,00,YEAR,,2024-07-02 12:00:00.000,233,20.6
CENSUS,ANIMALS & PRODUCTS,SPECIALTY,HONEY,ALL CLASSES,ALL PRODUCTION PRACTICES,ALL UTILIZATION PRACTICES,PRODUCTION,OPERATIONS,HONEY - OPERATIONS WITH PRODUCTION,TOTAL,NOT SPECIFIED,STATE,39,39,OH,OHIO,,,,,,,,00000000,,,9000,UNITED STATES,OHIO,2022,ANNUAL,00,00,YEAR,,2024-07-02 12:00:00.000,"2,437",4.0
CENSUS,ANIMALS & PRODUCTS,SPECIALTY,HONEY,ALL CLASSES,ALL PRODUCTION PRACTICES,ALL UTILIZATION PRACTICES,PRODUCTION,OPERATIONS,HONEY - OPERATIONS WITH PRODUCTION,TOTAL,NOT SPECIFIED,STATE,40,40,OK,OKLAHOMA,,,,,,,,00000000,,,9000,UNITED STATES,OKLAHOMA,2022,ANNUAL,00,00,YEAR,,2024-07-02 12:00:00.000,760,6.3
CENSUS,ANIMALS & PRODUCTS,SPECIALTY,HONEY,ALL CLASSES,ALL PRODUCTION PRACTICES,ALL UTILIZATION PRACTICES,PRODUCTION,OPERATIONS,HONEY - OPERATIONS WITH PRODUCTION,TOTAL,NOT SPECIFIED,STATE,41,41,OR,OREGON,,,,,,,,00000000,,,9000,UNITED STATES,OREGON,2022,ANNUAL,00,00,YEAR,,2024-07-02 12:00:00.000,889,5.8
CENSUS,ANIMALS & PRODUCTS,SPECIALTY,HONEY,ALL CLASSES,ALL PRODUCTION PRACTICES,ALL UTILIZATION PRACTICES,PRODUCTION,OPERATIONS,HONEY - OPERATIONS WITH PRODUCTION,TOTAL,NOT SPECIFIED,STATE,42,42,PA,PENNSYLVANIA,,,,,,,,00000000,,,9000,UNITED STATES,PENNSYLVANIA,2022,ANNUAL,00,00,YEAR,,2024-07-02 12:00:00.000,"1,791",9.7
CENSUS,ANIMALS & PRODUCTS,SPECIALTY,HONEY,ALL CLASSES,ALL PRODUCTION PRACTICES,ALL UTILIZATION PRACTICES,PRODUCTION,OPERATIONS,HONEY - OPERATIONS WITH PRODUCTION,TOTAL,NOT SPECIFIED,STATE,44,44,RI,RHODE ISLAND,,,,,,,,00000000,,,9000,UNITED STATES,RHODE ISLAND,2022,ANNUAL,00,00,YEAR,,2024-07-02 12:00:00.000,97,16.1
CENSUS,ANIMALS & PRODUCTS,SPECIALTY,HONEY,ALL CLASSES,ALL PRODUCTION PRACTICES,ALL UTILIZATION PRACTICES,PRODUCTION,OPERATIONS,HONEY - OPERATIONS WITH PRODUCTION,TOTAL,NOT SPECIFIED,STATE,45,45,SC,SOUTH CAROLINA,,,,,,,,00000000,,,9000,UNITED STATES,SOUTH CAROLINA,2022,ANNUAL,00,00,YEAR,,2024-07-02 12:00:00.000,885,10.5
CENSUS,ANIMALS & PRODUCTS,SPECIALTY,HONEY,ALL CLASSES,ALL PRODUCTION PRACTICES,ALL UTILIZATION PRACTICES,PRODUCTION,OPERATIONS,HONEY - OPERATIONS WITH PRODUCTION,TOTAL,NOT SPECIFIED,STATE,46,46,SD,SOUTH DAKOTA,,,,,,,,00000000,,,9000,UNITED STATES,SOUTH DAKOTA,2022,ANNUAL,00,00,YEAR,,2024-07-02 12:00:00.000,243,15.3
CENSUS,ANIMALS & PRODUCTS,SPECIALTY,HONEY,ALL CLASSES,ALL PRODUCTION PRACTICES,ALL UTILIZATION PRACTICES,PRODUCTION,OPERATIONS,HONEY - OPERATIONS WITH PRODUCTION,TOTAL,NOT SPECIFIED,STATE,47,47,TN,TENNESSEE,,,,,,,,00000000,,,9000,UNITED STATES,TENNESSEE,2022,ANNUAL,00,00,YEAR,,2024-07-02 12:00:00.000,"1,690",15.8
CENSUS,ANIMALS & PRODUCTS,SPECIALTY,HONEY,ALL CLASSES,ALL PRODUCTION PRACTICES,ALL UTILIZATION PRACTICES,PRODUCTION,OPERATIONS,HONEY - OPERATIONS WITH PRODUCTION,TOTAL,NOT SPECIFIED,STATE,48,48,TX,TEXAS,,,,,,,,00000000,,,9000,UNITED STATES,TEXAS,2022,ANNUAL,00,00,YEAR,,2024-07-02 12:00:00.000,"4,566",5.1
CENSUS,ANIMALS & PRODUCTS,SPECIALTY,HONEY,ALL CLASSES,ALL PRODUCTION PRACTICES,ALL UTILIZATION PRACTICES,PRODUCTION,OPERATIONS,HONEY - OPERATIONS WITH PRODUCTION,TOTAL,NOT SPECIFIED,STATE,49,49,UT,UTAH,,,,,,,,00000000,,,9000,UNITED STATES,UTAH,2022,ANNUAL,00,00,YEAR,,2024-07-02 12:00:00.000,525,7.6
CENSUS,ANIMALS & PRODUCTS,SPECIALTY,HONEY,ALL CLASSES,ALL PRODUCTION PRACTICES,ALL UTILIZATION PRACTICES,PRODUCTION,OPERATIONS,HONEY - OPERATIONS WITH PRODUCTION,TOTAL,NOT SPECIFIED,STATE,50,50,VT,VERMONT,,,,,,,,00000000,,,9000,UNITED STATES,VERMONT,2022,ANNUAL,00,00,YEAR,,2024-07-02 12:00:00.000,316,16.0
CENSUS,ANIMALS & PRODUCTS,SPECIALTY,HONEY,ALL CLASSES,ALL PRODUCTION PRACTICES,ALL UTILIZATION PRACTICES,PRODUCTION,OPERATIONS,HONEY - OPERATIONS WITH PRODUCTION,TOTAL,NOT SPECIFIED,STATE,51,51,VA,VIRGINIA,,,,,,,,00000000,,,9000,UNITED STATES,VIRGINIA,2022,ANNUAL,00,00,YEAR,,2024-07-02 12:00:00.000,"1,651",17.1
CENSUS,ANIMALS & PRODUCTS,SPECIALTY,HONEY,ALL CLASSES,ALL PRODUCTION PRACTICES,ALL UTILIZATION PRACTICES,PRODUCTION,OPERATIONS,HONEY - OPERATIONS WITH PRODUCTION,TOTAL,NOT SPECIFIED,STATE,53,53,WA,WASHINGTON,,,,,,,,00000000,,,9000,UNITED STATES,WASHINGTON,2022,ANNUAL,00,00,YEAR,,2024-07-02 12:00:00.000,874,17.3
CENSUS,ANIMALS & PRODUCTS,SPECIALTY,HONEY,ALL CLASSES,ALL PRODUCTION PRACTICES,ALL UTILIZATION PRACTICES,PRODUCTION,OPERATIONS,HONEY - OPERATIONS WITH PRODUCTION,TOTAL,NOT SPECIFIED,STATE,54,54,WV,WEST VIRGINIA,,,,,,,,00000000,,,9000,UNITED STATES,WEST VIRGINIA,2022,ANNUAL,00,00,YEAR,,2024-07-02 12:00:00.000,796,15.5
CENSUS,ANIMALS & PRODUCTS,SPECIALTY,HONEY,ALL CLASSES,ALL PRODUCTION PRACTICES,ALL UTILIZATION PRACTICES,PRODUCTION,OPERATIONS,HONEY - OPERATIONS WITH PRODUCTION,TOTAL,NOT SPECIFIED,STATE,55,55,WI,WISCONSIN,,,,,,,,00000000,,,9000,UNITED STATES,WISCONSIN,2022,ANNUAL,00,00,YEAR,,2024-07-02 12:00:00.000,"1,491",9.2
CENSUS,ANIMALS & PRODUCTS,SPECIALTY,HONEY,ALL CLASSES,ALL PRODUCTION PRACTICES,ALL UTILIZATION PRACTICES,PRODUCTION,OPERATIONS,HONEY - OPERATIONS WITH PRODUCTION,TOTAL,NOT SPECIFIED,STATE,56,56,WY,WYOMING,,,,,,,,00000000,,,9000,UNITED STATES,WYOMING,2022,ANNUAL,00,00,YEAR,,2024-07-02 12:00:00.000,143,13.3
SURVEY,ANIMALS & PRODUCTS,SPECIALTY,HONEY,ALL CLASSES,ALL PRODUCTION PRACTICES,ALL UTILIZATION PRACTICES,PRODUCTION,$,"HONEY - PRODUCTION, MEASURED IN $",TOTAL,NOT SPECIFIED,STATE,,98,OT,OTHER STATES,,,,,,,,00000000,,,9000,UNITED STATES,OTHER STATES,2022,ANNUAL,00,00,MARKETING YEAR,,2024-04-08 15:00:00.000,"13,363,000",
SURVEY,ANIMALS & PRODUCTS,SPECIALTY,HONEY,ALL CLASSES,ALL PRODUCTION PRACTICES,ALL UTILIZATION PRACTICES,PRODUCTION,$,"HONEY - PRODUCTION, MEASURED IN $",TOTAL,NOT SPECIFIED,STATE,01,01,AL,ALABAMA,,,,,,,,00000000,,,9000,UNITED STATES,ALABAMA,2022,ANNUAL,00,00,MARKETING YEAR,,2024-04-08 15:00:00.000,"1,920,000",
SURVEY,ANIMALS & PRODUCTS,SPECIALTY,HONEY,ALL CLASSES,ALL PRODUCTION PRACTICES,ALL UTILIZATION PRACTICES,PRODUCTION,$,"HONEY - PRODUCTION, MEASURED IN $",TOTAL,NOT SPECIFIED,STATE,04,04,AZ,ARIZONA,,,,,,,,00000000,,,9000,UNITED STATES,ARIZONA,2022,ANNUAL,00,00,MARKETING YEAR,,2024-04-08 15:00:00.000,"2,795,000",
SURVEY,ANIMALS & PRODUCTS,SPECIALTY,HONEY,ALL CLASSES,ALL PRODUCTION PRACTICES,ALL UTILIZATION PRACTICES,PRODUCTION,$,"HONEY - PRODUCTION, MEASURED IN $",TOTAL,NOT SPECIFIED,STATE,05,05,AR,ARKANSAS,,,,,,,,00000000,,,9000,UNITED STATES,ARKANSAS,2022,ANNUAL,00,00,MARKETING YEAR,,2024-04-08 15:00:00.000,"3,024,000",
SURVEY,ANIMALS & PRODUCTS,SPECIALTY,HONEY,ALL CLASSES,ALL PRODUCTION PRACTICES,ALL UTILIZATION PRACTICES,PRODUCTION,$,"HONEY - PRODUCTION, MEASURED IN $",TOTAL,NOT SPECIFIED,STATE,06,06,CA,CALIFORNIA,,,,,,,,00000000,,,9000,UNITED STATES,CALIFORNIA,2022,ANNUAL,00,00,MARKETING YEAR,,2024-04-08 15:00:00.000,"31,177,000",
SURVEY,ANIMALS & PRODUCTS,SPECIALTY,HONEY,ALL CLASSES,ALL PRODUCTION PRACTICES,ALL UTILIZATION PRACTICES,PRODUCTION,$,"HONEY - PRODUCTION, MEASURED IN $",TOTAL,NOT SPECIFIED,STATE,08,08,CO,COLORADO,,,,,,,,00000000,,,9000,UNITED STATES,COLORADO,2022,ANNUAL,00,00,MARKETING YEAR,,2024-04-08 15:00:00.000,"4,362,000",
SURVEY,ANIMALS & PRODUCTS,SPECIALTY,HONEY,ALL CLASSES,ALL PRODUCTION PRACTICES,ALL UTILIZATION PRACTICES,PRODUCTION,$,"HONEY - PRODUCTION, MEASURED IN $",TOTAL,NOT SPECIFIED,STATE,12,12,FL,FLORIDA,,,,,,,,00000000,,,9000,UNITED STATES,FLORIDA,2022,ANNUAL,00,00,MARKETING YEAR,,2024-04-08 15:00:00.000,"24,035,000",
SURVEY,ANIMALS & PRODUCTS,SPECIALTY,HONEY,ALL CLASSES,ALL PRODUCTION PRACTICES,ALL UTILIZATION PRACTICES,PRODUCTION,$,"HONEY - PRODUCTION, MEASURED IN $",TOTAL,NOT SPECIFIED,STATE,13,13,GA,GEORGIA,,,,,,,,00000000,,,9000,UNITED STATES,GEORGIA,2022,ANNUAL,00,00,MARKETING YEAR,,2024-04-08 15:00:00.000,"10,152,000",
SURVEY,ANIMALS & PRODUCTS,SPECIALTY,HONEY,ALL CLASSES,ALL PRODUCTION PRACTICES,ALL UTILIZATION PRACTICES,PRODUCTION,$,"HONEY - PRODUCTION, MEASURED IN $",TOTAL,NOT SPECIFIED,STATE,16,16,ID,IDAHO,,,,,,,,00000000,,,9000,UNITED STATES,IDAHO,2022,ANNUAL,00,00,MARKETING YEAR,,2024-04-08 15:00:00.000,"7,442,000",
SURVEY,ANIMALS & PRODUCTS,SPECIALTY,HONEY,ALL CLASSES,ALL PRODUCTION PRACTICES,ALL UTILIZATION PRACTICES,PRODUCTION,$,"HONEY - PRODUCTION, MEASURED IN $",TOTAL,NOT SPECIFIED,STATE,17,17,IL,ILLINOIS,,,,,,,,00000000,,,9000,UNITED STATES,ILLINOIS,2022,ANNUAL,00,00,MARKETING YEAR,,2024-04-08 15:00:00.000,"2,947,000",
SURVEY,ANIMALS & PRODUCTS,SPECIALTY,HONEY,ALL CLASSES,ALL PRODUCTION PRACTICES,ALL UTILIZATION PRACTICES,PRODUCTION,$,"HONEY - PRODUCTION, MEASURED IN $",TOTAL,NOT SPECIFIED,STATE,18,18,IN,INDIANA,,,,,,,,00000000,,,9000,UNITED STATES,INDIANA,2022,ANNUAL,00,00,MARKETING YEAR,,2024-04-08 15:00:00.000,"2,688,000",
SURVEY,ANIMALS & PRODUCTS,SPECIALTY,HONEY,ALL CLASSES,ALL PRODUCTION PRACTICES,ALL UTILIZATION PRACTICES,PRODUCTION,$,"HONEY - PRODUCTION, MEASURED IN $",TOTAL,NOT SPECIFIED,STATE,19,19,IA,IOWA,,,,,,,,00000000,,,9000,UNITED STATES,IOWA,2022,ANNUAL,00,00,MARKETING YEAR,,2024-04-08 15:00:00.000,"7,491,000",
SURVEY,ANIMALS & PRODUCTS,SPECIALTY,HONEY,ALL CLASSES,ALL PRODUCTION PRACTICES,ALL UTILIZATION PRACTICES,PRODUCTION,$,"HONEY - PRODUCTION, MEASURED IN $",TOTAL,NOT SPECIFIED,STATE,20,20,KS,KANSAS,,,,,,,,00000000,,,9000,UNITED STATES,KANSAS,2022,ANNUAL,00,00,MARKETING YEAR,,2024-04-08 15:00:00.000,"1,614,000",
SURVEY,ANIMALS & PRODUCTS,SPECIALTY,HONEY,ALL CLASSES,ALL PRODUCTION PRACTICES,ALL UTILIZATION PRACTICES,PRODUCTION,$,"HONEY - PRODUCTION, MEASURED IN $",TOTAL,NOT SPECIFIED,STATE,21,21,KY,KENTUCKY,,,,,,,,00000000,,,9000,UNITED STATES,KENTUCKY,2022,ANNUAL,00,00,MARKETING YEAR,,2024-04-08 15:00:00.000,"1,542,000",
SURVEY,ANIMALS & PRODUCTS,SPECIALTY,HONEY,ALL CLASSES,ALL PRODUCTION PRACTICES,ALL UTILIZATION PRACTICES,PRODUCTION,$,"HONEY - PRODUCTION, MEASURED IN $",TOTAL,NOT SPECIFIED,STATE,22,22,LA,LOUISIANA,,,,,,,,00000000,,,9000,UNITED STATES,LOUISIANA,2022,ANNUAL,00,00,MARKETING YEAR,,2024-04-08 15:00:00.000,"7,584,000",
SURVEY,ANIMALS & PRODUCTS,SPECIALTY,HONEY,ALL CLASSES,ALL PRODUCTION PRACTICES,ALL UTILIZATION PRACTICES,PRODUCTION,$,"HONEY - PRODUCTION, MEASURED IN $",TOTAL,NOT SPECIFIED,STATE,23,23,ME,MAINE,,,,,,,,00000000,,,9000,UNITED STATES,MAINE,2022,ANNUAL,00,00,MARKETING YEAR,,2024-04-08 15:00:00.000,"1,472,000",
SURVEY,ANIMALS & PRODUCTS,SPECIALTY,HONEY,ALL CLASSES,ALL PRODUCTION PRACTICES,ALL UTILIZATION PRACTICES,PRODUCTION,$,"HONEY - PRODUCTION, MEASURED IN $",TOTAL,NOT SPECIFIED,STATE,26,26,MI,MICHIGAN,,,,,,,,00000000,,,9000,UNITED STATES,MICHIGAN,2022,ANNUAL,00,00,MARKETING YEAR,,2024-04-08 15:00:00.000,"10,220,000",
SURVEY,ANIMALS & PRODUCTS,SPECIALTY,HONEY,ALL CLASSES,ALL PRODUCTION PRACTICES,ALL UTILIZATION PRACTICES,PRODUCTION,$,"HONEY - PRODUCTION, MEASURED IN $",TOTAL,NOT SPECIFIED,STATE,27,27,MN,MINNESOTA,,,,,,,,00000000,,,9000,UNITED STATES,MINNESOTA,2022,ANNUAL,00,00,MARKETING YEAR,,2024-04-08 15:00:00.000,"14,514,000",
SURVEY,ANIMALS & PRODUCTS,SPECIALTY,HONEY,ALL CLASSES,ALL PRODUCTION PRACTICES,ALL UTILIZATION PRACTICES,PRODUCTION,$,"HONEY - PRODUCTION, MEASURED IN $",TOTAL,NOT SPECIFIED,STATE,28,28,MS,MISSISSIPPI,,,,,,,,00000000,,,9000,UNITED STATES,MISSISSIPPI,2022,ANNUAL,00,00,MARKETING YEAR,,2024-04-08 15:00:00.000,"6,384,000",
SURVEY,ANIMALS & PRODUCTS,SPECIALTY,HONEY,ALL CLASSES,ALL PRODUCTION PRACTICES,ALL UTILIZATION PRACTICES,PRODUCTION,$,"HONEY - PRODUCTION, MEASURED IN $",TOTAL,NOT SPECIFIED,STATE,29,29,MO,MISSOURI,,,,,,,,00000000,,,9000,UNITED STATES,MISSOURI,2022,ANNUAL,00,00,MARKETING YEAR,,2024-04-08 15:00:00.000,"1,715,000",
SURVEY,ANIMALS & PRODUCTS,SPECIALTY,HONEY,ALL CLASSES,ALL PRODUCTION PRACTICES,ALL UTILIZATION PRACTICES,PRODUCTION,$,"HONEY - PRODUCTION, MEASURED IN $",TOTAL,NOT SPECIFIED,STATE,30,30,MT,MONTANA,,,,,,,,00000000,,,9000,UNITED STATES,MONTANA,2022,ANNUAL,00,00,MARKETING YEAR,,2024-04-08 15:00:00.000,"19,808,000",
SURVEY,ANIMALS & PRODUCTS,SPECIALTY,HONEY,ALL CLASSES,ALL PRODUCTION PRACTICES,ALL UTILIZATION PRACTICES,PRODUCTION,$,"HONEY - PRODUCTION, MEASURED IN $",TOTAL,NOT SPECIFIED,STATE,31,31,NE,NEBRASKA,,,,,,,,00000000,,,9000,UNITED STATES,NEBRASKA,2022,ANNUAL,00,00,MARKETING YEAR,,2024-04-08 15:00:00.000,"4,323,000",
SURVEY,ANIMALS & PRODUCTS,SPECIALTY,HONEY,ALL CLASSES,ALL PRODUCTION PRACTICES,ALL UTILIZATION PRACTICES,PRODUCTION,$,"HONEY - PRODUCTION, MEASURED IN $",TOTAL,NOT SPECIFIED,STATE,34,34,NJ,NEW JERSEY,,,,,,,,00000000,,,9000,UNITED STATES,NEW JERSEY,2022,ANNUAL,00,00,MARKETING YEAR,,2024-04-08 15:00:00.000,"2,658,000",
SURVEY,ANIMALS & PRODUCTS,SPECIALTY,HONEY,ALL CLASSES,ALL PRODUCTION PRACTICES,ALL UTILIZATION PRACTICES,PRODUCTION,$,"HONEY - PRODUCTION, MEASURED IN $",TOTAL,NOT SPECIFIED,STATE,36,36,NY,NEW YORK,,,,,,,,00000000,,,9000,UNITED STATES,NEW YORK,2022,ANNUAL,00,00,MARKETING YEAR,,2024-04-08 15:00:00.000,"10,933,000",
SURVEY,ANIMALS & PRODUCTS,SPECIALTY,HONEY,ALL CLASSES,ALL PRODUCTION PRACTICES,ALL UTILIZATION PRACTICES,PRODUCTION,$,"HONEY - PRODUCTION, MEASURED IN $",TOTAL,NOT SPECIFIED,STATE,37,37,NC,NORTH CAROLINA,,,,,,,,00000000,,,9000,UNITED STATES,NORTH CAROLINA,2022,ANNUAL,00,00,MARKETING YEAR,,2024-04-08 15:00:00.000,"3,514,000",
SURVEY,ANIMALS & PRODUCTS,SPECIALTY,HONEY,ALL CLASSES,ALL PRODUCTION PRACTICES,ALL UTILIZATION PRACTICES,PRODUCTION,$,"HONEY - PRODUCTION, MEASURED IN $",TOTAL,NOT SPECIFIED,STATE,38,38,ND,NORTH DAKOTA,,,,,,,,00000000,,,9000,UNITED STATES,NORTH DAKOTA,2022,ANNUAL,00,00,MARKETING YEAR,,2024-04-08 15:00:00.000,"81,120,000",
SURVEY,ANIMALS & PRODUCTS,SPECIALTY,HONEY,ALL CLASSES,ALL PRODUCTION PRACTICES,ALL UTILIZATION PRACTICES,PRODUCTION,$,"HONEY - PRODUCTION, MEASURED IN $",TOTAL,NOT SPECIFIED,STATE,39,39,OH,OHIO,,,,,,,,00000000,,,9000,UNITED STATES,OHIO,2022,ANNUAL,00,00,MARKETING YEAR,,2024-04-08 15:00:00.000,"4,414,000",
SURVEY,ANIMALS & PRODUCTS,SPECIALTY,HONEY,ALL CLASSES,ALL PRODUCTION PRACTICES,ALL UTILIZATION PRACTICES,PRODUCTION,$,"HONEY - PRODUCTION, MEASURED IN $",TOTAL,NOT SPECIFIED,STATE,41,41,OR,OREGON,,,,,,,,00000000,,,9000,UNITED STATES,OREGON,2022,ANNUAL,00,00,MARKETING YEAR,,2024-04-08 15:00:00.000,"11,131,000",
SURVEY,ANIMALS & PRODUCTS,SPECIALTY,HONEY,ALL CLASSES,ALL PRODUCTION PRACTICES,ALL UTILIZATION PRACTICES,PRODUCTION,$,"HONEY - PRODUCTION, MEASURED IN $",TOTAL,NOT SPECIFIED,STATE,42,42,PA,PENNSYLVANIA,,,,,,,,00000000,,,9000,UNITED STATES,PENNSYLVANIA,2022,ANNUAL,00,00,MARKETING YEAR,,2024-04-08 15:00:00.000,"5,914,000",
SURVEY,ANIMALS & PRODUCTS,SPECIALTY,HONEY,ALL CLASSES,ALL PRODUCTION PRACTICES,ALL UTILIZATION PRACTICES,PRODUCTION,$,"HONEY - PRODUCTION, MEASURED IN $",TOTAL,NOT SPECIFIED,STATE,45,45,SC,SOUTH CAROLINA,,,,,,,,00000000,,,9000,UNITED STATES,SOUTH CAROLINA,2022,ANNUAL,00,00,MARKETING YEAR,,2024-04-08 15:00:00.000,"2,535,000",
SURVEY,ANIMALS & PRODUCTS,SPECIALTY,HONEY,ALL CLASSES,ALL PRODUCTION PRACTICES,ALL UTILIZATION PRACTICES,PRODUCTION,$,"HONEY - PRODUCTION, MEASURED IN $",TOTAL,NOT SPECIFIED,STATE,46,46,SD,SOUTH DAKOTA,,,,,,,,00000000,,,9000,UNITED STATES,SOUTH DAKOTA,2022,ANNUAL,00,00,MARKETING YEAR,,2024-04-08 15:00:00.000,"18,543,000",
SURVEY,ANIMALS & PRODUCTS,SPECIALTY,HONEY,ALL CLASSES,ALL PRODUCTION PRACTICES,ALL UTILIZATION PRACTICES,PRODUCTION,$,"HONEY - PRODUCTION, MEASURED IN $",TOTAL,NOT SPECIFIED,STATE,47,47,TN,TENNESSEE,,,,,,,,00000000,,,9000,UNITED STATES,TENNESSEE,2022,ANNUAL,00,00,MARKETING YEAR,,2024-04-08 15:00:00.000,"2,390,000",
SURVEY,ANIMALS & PRODUCTS,SPECIALTY,HONEY,ALL CLASSES,ALL PRODUCTION PRACTICES,ALL UTILIZATION PRACTICES,PRODUCTION,$,"HONEY - PRODUCTION, MEASURED IN $",TOTAL,NOT SPECIFIED,STATE,48,48,TX,TEXAS,,,,,,,,00000000,,,9000,UNITED STATES,TEXAS,2022,ANNUAL,00,00,MARKETING YEAR,,2024-04-08 15:00:00.000,"27,210,000",
SURVEY,ANIMALS & PRODUCTS,SPECIALTY,HONEY,ALL CLASSES,ALL PRODUCTION PRACTICES,ALL UTILIZATION PRACTICES,PRODUCTION,$,"HONEY - PRODUCTION, MEASURED IN $",TOTAL,NOT SPECIFIED,STATE,49,49,UT,UTAH,,,,,,,,00000000,,,9000,UNITED STATES,UTAH,2022,ANNUAL,00,00,MARKETING YEAR,,2024-04-08 15:00:00.000,"3,588,000",
SURVEY,ANIMALS & PRODUCTS,SPECIALTY,HONEY,ALL CLASSES,ALL PRODUCTION PRACTICES,ALL UTILIZATION PRACTICES,PRODUCTION,$,"HONEY - PRODUCTION, MEASURED IN $",TOTAL,NOT SPECIFIED,STATE,50,50,VT,VERMONT,,,,,,,,00000000,,,9000,UNITED STATES,VERMONT,2022,ANNUAL,00,00,MARKETING YEAR,,2024-04-08 15:00:00.000,"1,904,000",
SURVEY,ANIMALS & PRODUCTS,SPECIALTY,HONEY,ALL CLASSES,ALL PRODUCTION PRACTICES,ALL UTILIZATION PRACTICES,PRODUCTION,$,"HONEY - PRODUCTION, MEASURED IN $",TOTAL,NOT SPECIFIED,STATE,51,51,VA,VIRGINIA,,,,,,,,00000000,,,9000,UNITED STATES,VIRGINIA,2022,ANNUAL,00,00,MARKETING YEAR,,2024-04-08 15:00:00.000,"2,112,000",
SURVEY,ANIMALS & PRODUCTS,SPECIALTY,HONEY,ALL CLASSES,ALL PRODUCTION PRACTICES,ALL UTILIZATION PRACTICES,PRODUCTION,$,"HONEY - PRODUCTION, MEASURED IN $",TOTAL,NOT SPECIFIED,STATE,53,53,WA,WASHINGTON,,,,,,,,00000000,,,9000,UNITED STATES,WASHINGTON,2022,ANNUAL,00,00,MARKETING YEAR,,2024-04-08 15:00:00.000,"8,751,000",
SURVEY,ANIMALS & PRODUCTS,SPECIALTY,HONEY,ALL CLASSES,ALL PRODUCTION PRACTICES,ALL UTILIZATION PRACTICES,PRODUCTION,$,"HONEY - PRODUCTION, MEASURED IN $",TOTAL,NOT SPECIFIED,STATE,54,54,WV,WEST VIRGINIA,,,,,,,,00000000,,,9000,UNITED STATES,WEST VIRGINIA,2022,ANNUAL,00,00,MARKETING YEAR,,2024-04-08 15:00:00.000,"1,613,000",
SURVEY,ANIMALS & PRODUCTS,SPECIALTY,HONEY,ALL CLASSES,ALL PRODUCTION PRACTICES,ALL UTILIZATION PRACTICES,PRODUCTION,$,"HONEY - PRODUCTION, MEASURED IN $",TOTAL,NOT SPECIFIED,STATE,55,55,WI,WISCONSIN,,,,,,,,00000000,,,9000,UNITED STATES,WISCONSIN,2022,ANNUAL,00,00,MARKETING YEAR,,2024-04-08 15:00:00.000,"9,386,000",
SURVEY,ANIMALS & PRODUCTS,SPECIALTY,HONEY,ALL CLASSES,ALL PRODUCTION PRACTICES,ALL UTILIZATION PRACTICES,PRODUCTION,$,"HONEY - PRODUCTION, MEASURED IN $",TOTAL,NOT SPECIFIED,STATE,56,56,WY,WYOMING,,,,,,,,00000000,,,9000,UNITED STATES,WYOMING,2022,ANNUAL,00,00,MARKETING YEAR,,2024-04-08 15:00:00.000,"3,578,000",
SURVEY,ANIMALS & PRODUCTS,SPECIALTY,HONEY,ALL CLASSES,ALL PRODUCTION PRACTICES,ALL UTILIZATION PRACTICES,PRODUCTION,LB,"HONEY - PRODUCTION, MEASURED IN LB",TOTAL,NOT SPECIFIED,STATE,,98,OT,OTHER STATES,,,,,,,,00000000,,,9000,UNITED STATES,OTHER STATES,2022,ANNUAL,00,00,MARKETING YEAR,,2024-04-08 15:00:00.000,"3,316,000",
SURVEY,ANIMALS & PRODUCTS,SPECIALTY,HONEY,ALL CLASSES,ALL PRODUCTION PRACTICES,ALL UTILIZATION PRACTICES,PRODUCTION,LB,"HONEY - PRODUCTION, MEASURED IN LB",TOTAL,NOT SPECIFIED,STATE,01,01,AL,ALABAMA,,,,,,,,00000000,,,9000,UNITED STATES,ALABAMA,2022,ANNUAL,00,00,MARKETING YEAR,,2024-04-08 15:00:00.000,"400,000",
SURVEY,ANIMALS & PRODUCTS,SPECIALTY,HONEY,ALL CLASSES,ALL PRODUCTION PRACTICES,ALL UTILIZATION PRACTICES,PRODUCTION,LB,"HONEY - PRODUCTION, MEASURED IN LB",TOTAL,NOT SPECIFIED,STATE,04,04,AZ,ARIZONA,,,,,,,,00000000,,,9000,UNITED STATES,ARIZONA,2022,ANNUAL,00,00,MARKETING YEAR,,2024-04-08 15:00:00.000,"1,035,000",
SURVEY,ANIMALS & PRODUCTS,SPECIALTY,HONEY,ALL CLASSES,ALL PRODUCTION PRACTICES,ALL UTILIZATION PRACTICES,PRODUCTION,LB,"HONEY - PRODUCTION, MEASURED IN LB",TOTAL,NOT SPECIFIED,STATE,05,05,AR,ARKANSAS,,,,,,,,00000000,,,9000,UNITED STATES,ARKANSAS,2022,ANNUAL,00,00,MARKETING YEAR,,2024-04-08 15:00:00.000,"1,120,000",
SURVEY,ANIMALS & PRODUCTS,SPECIALTY,HONEY,ALL CLASSES,ALL PRODUCTION PRACTICES,ALL UTILIZATION PRACTICES,PRODUCTION,LB,"HONEY - PRODUCTION, MEASURED IN LB",TOTAL,NOT SPECIFIED,STATE,06,06,CA,CALIFORNIA,,,,,,,,00000000,,,9000,UNITED STATES,CALIFORNIA,2022,ANNUAL,00,00,MARKETING YEAR,,2024-04-08 15:00:00.000,"11,590,000",
SURVEY,ANIMALS & PRODUCTS,SPECIALTY,HONEY,ALL CLASSES,ALL PRODUCTION PRACTICES,ALL UTILIZATION PRACTICES,PRODUCTION,LB,"HONEY - PRODUCTION, MEASURED IN LB",TOTAL,NOT SPECIFIED,STATE,08,08,CO,COLORADO,,,,,,,,00000000,,,9000,UNITED STATES,COLORADO,2022,ANNUAL,00,00,MARKETING YEAR,,2024-04-08 15:00:00.000,"1,302,000",
SURVEY,ANIMALS & PRODUCTS,SPECIALTY,HONEY,ALL CLASSES,ALL PRODUCTION PRACTICES,ALL UTILIZATION PRACTICES,PRODUCTION,LB,"HONEY - PRODUCTION, MEASURED IN LB",TOTAL,NOT SPECIFIED,STATE,12,12,FL,FLORIDA,,,,,,,,00000000,,,9000,UNITED STATES,FLORIDA,2022,ANNUAL,00,00,MARKETING YEAR,,2024-04-08 15:00:00.000,"7,350,000",
SURVEY,ANIMALS & PRODUCTS,SPECIALTY,HONEY,ALL CLASSES,ALL PRODUCTION PRACTICES,ALL UTILIZATION PRACTICES,PRODUCTION,LB,"HONEY - PRODUCTION, MEASURED IN LB",TOTAL,NOT SPECIFIED,STATE,13,13,GA,GEORGIA,,,,,,,,00000000,,,9000,UNITED STATES,GEORGIA,2022,ANNUAL,00,00,MARKETING YEAR,,2024-04-08 15:00:00.000,"3,296,000",
SURVEY,ANIMALS & PRODUCTS,SPECIALTY,HONEY,ALL CLASSES,ALL PRODUCTION PRACTICES,ALL UTILIZATION PRACTICES,PRODUCTION,LB,"HONEY - PRODUCTION, MEASURED IN LB",TOTAL,NOT SPECIFIED,STATE,16,16,ID,IDAHO,,,,,,,,00000000,,,9000,UNITED STATES,IDAHO,2022,ANNUAL,00,00,MARKETING YEAR,,2024-04-08 15:00:00.000,"2,726,000",
SURVEY,ANIMALS & PRODUCTS,SPECIALTY,HONEY,ALL CLASSES,ALL PRODUCTION PRACTICES,ALL UTILIZATION PRACTICES,PRODUCTION,LB,"HONEY - PRODUCTION, MEASURED IN LB",TOTAL,NOT SPECIFIED,STATE,17,17,IL,ILLINOIS,,,,,,,,00000000,,,9000,UNITED STATES,ILLINOIS,2022,ANNUAL,00,00,MARKETING YEAR,,2024-04-08 15:00:00.000,"470,000",
SURVEY,ANIMALS & PRODUCTS,SPECIALTY,HONEY,ALL CLASSES,ALL PRODUCTION PRACTICES,ALL UTILIZATION PRACTICES,PRODUCTION,LB,"HONEY - PRODUCTION, MEASURED IN LB",TOTAL,NOT SPECIFIED,STATE,18,18,IN,INDIANA,,,,,,,,00000000,,,9000,UNITED STATES,INDIANA,2022,ANNUAL,00,00,MARKETING YEAR,,2024-04-08 15:00:00.000,"567,000",
SURVEY,ANIMALS & PRODUCTS,SPECIALTY,HONEY,ALL CLASSES,ALL PRODUCTION PRACTICES,ALL UTILIZATION PRACTICES,PRODUCTION,LB,"HONEY - PRODUCTION, MEASURED IN LB",TOTAL,NOT SPECIFIED,STATE,19,19,IA,IOWA,,,,,,,,00000000,,,9000,UNITED STATES,IOWA,2022,ANNUAL,00,00,MARKETING YEAR,,2024-04-08 15:00:00.000,"2,448,000",
SURVEY,ANIMALS & PRODUCTS,SPECIALTY,HONEY,ALL CLASSES,ALL PRODUCTION PRACTICES,ALL UTILIZATION PRACTICES,PRODUCTION,LB,"HONEY - PRODUCTION, MEASURED IN LB",TOTAL,NOT SPECIFIED,STATE,20,20,KS,KANSAS,,,,,,,,00000000,,,9000,UNITED STATES,KANSAS,2022,ANNUAL,00,00,MARKETING YEAR,,2024-04-08 15:00:00.000,"372,000",
SURVEY,ANIMALS & PRODUCTS,SPECIALTY,HONEY,ALL CLASSES,ALL PRODUCTION PRACTICES,ALL UTILIZATION PRACTICES,PRODUCTION,LB,"HONEY - PRODUCTION, MEASURED IN LB",TOTAL,NOT SPECIFIED,STATE,21,21,KY,KENTUCKY,,,,,,,,00000000,,,9000,UNITED STATES,KENTUCKY,2022,ANNUAL,00,00,MARKETING YEAR,,2024-04-08 15:00:00.000,"252,000",
SURVEY,ANIMALS & PRODUCTS,SPECIALTY,HONEY,ALL CLASSES,ALL PRODUCTION PRACTICES,ALL UTILIZATION PRACTICES,PRODUCTION,LB,"HONEY - PRODUCTION, MEASURED IN LB",TOTAL,NOT SPECIFIED,STATE,22,22,LA,LOUISIANA,,,,,,,,00000000,,,9000,UNITED STATES,LOUISIANA,2022,ANNUAL,00,00,MARKETING YEAR,,2024-04-08 15:00:00.000,"2,562,000",
SURVEY,ANIMALS & PRODUCTS,SPECIALTY,HONEY,ALL CLASSES,ALL PRODUCTION PRACTICES,ALL UTILIZATION PRACTICES,PRODUCTION,LB,"HONEY - PRODUCTION, MEASURED IN LB",TOTAL,NOT SPECIFIED,STATE,23,23,ME,MAINE,,,,,,,,00000000,,,9000,UNITED STATES,MAINE,2022,ANNUAL,00,00,MARKETING YEAR,,2024-04-08 15:00:00.000,"230,000",
SURVEY,ANIMALS & PRODUCTS,SPECIALTY,HONEY,ALL CLASSES,ALL PRODUCTION PRACTICES,ALL UTILIZATION PRACTICES,PRODUCTION,LB,"HONEY - PRODUCTION, MEASURED IN LB",TOTAL,NOT SPECIFIED,STATE,26,26,MI,MICHIGAN,,,,,,,,00000000,,,9000,UNITED STATES,MICHIGAN,2022,ANNUAL,00,00,MARKETING YEAR,,2024-04-08 15:00:00.000,"3,362,000",
SURVEY,ANIMALS & PRODUCTS,SPECIALTY,HONEY,ALL CLASSES,ALL PRODUCTION PRACTICES,ALL UTILIZATION PRACTICES,PRODUCTION,LB,"HONEY - PRODUCTION, MEASURED IN LB",TOTAL,NOT SPECIFIED,STATE,27,27,MN,MINNESOTA,,,,,,,,00000000,,,9000,UNITED STATES,MINNESOTA,2022,ANNUAL,00,00,MARKETING YEAR,,2024-04-08 15:00:00.000,"5,202,000",
SURVEY,ANIMALS & PRODUCTS,SPECIALTY,HONEY,ALL CLASSES,ALL PRODUCTION PRACTICES,ALL UTILIZATION PRACTICES,PRODUCTION,LB,"HONEY - PRODUCTION, MEASURED IN LB",TOTAL,NOT SPECIFIED,STATE,28,28,MS,MISSISSIPPI,,,,,,,,00000000,,,9000,UNITED STATES,MISSISSIPPI,2022,ANNUAL,00,00,MARKETING YEAR,,2024-04-08 15:00:00.000,"1,995,000",
SURVEY,ANIMALS & PRODUCTS,SPECIALTY,HONEY,ALL CLASSES,ALL PRODUCTION PRACTICES,ALL UTILIZATION PRACTICES,PRODUCTION,LB,"HONEY - PRODUCTION, MEASURED IN LB",TOTAL,NOT SPECIFIED,STATE,29,29,MO,MISSOURI,,,,,,,,00000000,,,9000,UNITED STATES,MISSOURI,2022,ANNUAL,00,00,MARKETING YEAR,,2024-04-08 15:00:00.000,"328,000",
SURVEY,ANIMALS & PRODUCTS,SPECIALTY,HONEY,ALL CLASSES,ALL PRODUCTION PRACTICES,ALL UTILIZATION PRACTICES,PRODUCTION,LB,"HONEY - PRODUCTION, MEASURED IN LB",TOTAL,NOT SPECIFIED,STATE,30,30,MT,MONTANA,,,,,,,,00000000,,,9000,UNITED STATES,MONTANA,2022,ANNUAL,00,00,MARKETING YEAR,,2024-04-08 15:00:00.000,"7,503,000",
SURVEY,ANIMALS & PRODUCTS,SPECIALTY,HONEY,ALL CLASSES,ALL PRODUCTION PRACTICES,ALL UTILIZATION PRACTICES,PRODUCTION,LB,"HONEY - PRODUCTION, MEASURED IN LB",TOTAL,NOT SPECIFIED,STATE,31,31,NE,NEBRASKA,,,,,,,,00000000,,,9000,UNITED STATES,NEBRASKA,2022,ANNUAL,00,00,MARKETING YEAR,,2024-04-08 15:00:00.000,"1,496,000",
SURVEY,ANIMALS & PRODUCTS,SPECIALTY,HONEY,ALL CLASSES,ALL PRODUCTION PRACTICES,ALL UTILIZATION PRACTICES,PRODUCTION,LB,"HONEY - PRODUCTION, MEASURED IN LB",TOTAL,NOT SPECIFIED,STATE,34,34,NJ,NEW JERSEY,,,,,,,,00000000,,,9000,UNITED STATES,NEW JERSEY,2022,ANNUAL,00,00,MARKETING YEAR,,2024-04-08 15:00:00.000,"624,000",
SURVEY,ANIMALS & PRODUCTS,SPECIALTY,HONEY,ALL CLASSES,ALL PRODUCTION PRACTICES,ALL UTILIZATION PRACTICES,PRODUCTION,LB,"HONEY - PRODUCTION, MEASURED IN LB",TOTAL,NOT SPECIFIED,STATE,36,36,NY,NEW YORK,,,,,,,,00000000,,,9000,UNITED STATES,NEW YORK,2022,ANNUAL,00,00,MARKETING YEAR,,2024-04-08 15:00:00.000,"2,862,000",
SURVEY,ANIMALS & PRODUCTS,SPECIALTY,HONEY,ALL CLASSES,ALL PRODUCTION PRACTICES,ALL UTILIZATION PRACTICES,PRODUCTION,LB,"HONEY - PRODUCTION, MEASURED IN LB",TOTAL,NOT SPECIFIED,STATE,37,37,NC,NORTH CAROLINA,,,,,,,,00000000,,,9000,UNITED STATES,NORTH CAROLINA,2022,ANNUAL,00,00,MARKETING YEAR,,2024-04-08 15:00:00.000,"507,000",
SURVEY,ANIMALS & PRODUCTS,SPECIALTY,HONEY,ALL CLASSES,ALL PRODUCTION PRACTICES,ALL UTILIZATION PRACTICES,PRODUCTION,LB,"HONEY - PRODUCTION, MEASURED IN LB",TOTAL,NOT SPECIFIED,STATE,38,38,ND,NORTH DAKOTA,,,,,,,,00000000,,,9000,UNITED STATES,NORTH DAKOTA,2022,ANNUAL,00,00,MARKETING YEAR,,2024-04-08 15:00:00.000,"31,200,000",
SURVEY,ANIMALS & PRODUCTS,SPECIALTY,HONEY,ALL CLASSES,ALL PRODUCTION PRACTICES,ALL UTILIZATION PRACTICES,PRODUCTION,LB,"HONEY - PRODUCTION, MEASURED IN LB",TOTAL,NOT SPECIFIED,STATE,39,39,OH,OHIO,,,,,,,,00000000,,,9000,UNITED STATES,OHIO,2022,ANNUAL,00,00,MARKETING YEAR,,2024-04-08 15:00:00.000,"1,254,000",
SURVEY,ANIMALS & PRODUCTS,SPECIALTY,HONEY,ALL CLASSES,ALL PRODUCTION PRACTICES,ALL UTILIZATION PRACTICES,PRODUCTION,LB,"HONEY - PRODUCTION, MEASURED IN LB",TOTAL,NOT SPECIFIED,STATE,41,41,OR,OREGON,,,,,,,,00000000,,,9000,UNITED STATES,OREGON,2022,ANNUAL,00,00,MARKETING YEAR,,2024-04-08 15:00:00.000,"3,404,000",
SURVEY,ANIMALS & PRODUCTS,SPECIALTY,HONEY,ALL CLASSES,ALL PRODUCTION PRACTICES,ALL UTILIZATION PRACTICES,PRODUCTION,LB,"HONEY - PRODUCTION, MEASURED IN LB",TOTAL,NOT SPECIFIED,STATE,42,42,PA,PENNSYLVANIA,,,,,,,,00000000,,,9000,UNITED STATES,PENNSYLVANIA,2022,ANNUAL,00,00,MARKETING YEAR,,2024-04-08 15:00:00.000,"1,058,000",
SURVEY,ANIMALS & PRODUCTS,SPECIALTY,HONEY,ALL CLASSES,ALL PRODUCTION PRACTICES,ALL UTILIZATION PRACTICES,PRODUCTION,LB,"HONEY - PRODUCTION, MEASURED IN LB",TOTAL,NOT SPECIFIED,STATE,45,45,SC,SOUTH CAROLINA,,,,,,,,00000000,,,9000,UNITED STATES,SOUTH CAROLINA,2022,ANNUAL,00,00,MARKETING YEAR,,2024-04-08 15:00:00.000,"507,000",
SURVEY,ANIMALS & PRODUCTS,SPECIALTY,HONEY,ALL CLASSES,ALL PRODUCTION PRACTICES,ALL UTILIZATION PRACTICES,PRODUCTION,LB,"HONEY - PRODUCTION, MEASURED IN LB",TOTAL,NOT SPECIFIED,STATE,46,46,SD,SOUTH DAKOTA,,,,,,,,00000000,,,9000,UNITED STATES,SOUTH DAKOTA,2022,ANNUAL,00,00,MARKETING YEAR,,2024-04-08 15:00:00.000,"7,215,000",
SURVEY,ANIMALS & PRODUCTS,SPECIALTY,HONEY,ALL CLASSES,ALL PRODUCTION PRACTICES,ALL UTILIZATION PRACTICES,PRODUCTION,LB,"HONEY - PRODUCTION, MEASURED IN LB",TOTAL,NOT SPECIFIED,STATE,47,47,TN,TENNESSEE,,,,,,,,00000000,,,9000,UNITED STATES,TENNESSEE,2022,ANNUAL,00,00,MARKETING YEAR,,2024-04-08 15:00:00.000,"423,000",
SURVEY,ANIMALS & PRODUCTS,SPECIALTY,HONEY,ALL CLASSES,ALL PRODUCTION PRACTICES,ALL UTILIZATION PRACTICES,PRODUCTION,LB,"HONEY - PRODUCTION, MEASURED IN LB",TOTAL,NOT SPECIFIED,STATE,48,48,TX,TEXAS,,,,,,,,00000000,,,9000,UNITED STATES,TEXAS,2022,ANNUAL,00,00,MARKETING YEAR,,2024-04-08 15:00:00.000,"8,321,000",
SURVEY,ANIMALS & PRODUCTS,SPECIALTY,HONEY,ALL CLASSES,ALL PRODUCTION PRACTICES,ALL UTILIZATION PRACTICES,PRODUCTION,LB,"HONEY - PRODUCTION, MEASURED IN LB",TOTAL,NOT SPECIFIED,STATE,49,49,UT,UTAH,,,,,,,,00000000,,,9000,UNITED STATES,UTAH,2022,ANNUAL,00,00,MARKETING YEAR,,2024-04-08 15:00:00.000,"1,196,000",
SURVEY,ANIMALS & PRODUCTS,SPECIALTY,HONEY,ALL CLASSES,ALL PRODUCTION PRACTICES,ALL UTILIZATION PRACTICES,PRODUCTION,LB,"HONEY - PRODUCTION, MEASURED IN LB",TOTAL,NOT SPECIFIED,STATE,50,50,VT,VERMONT,,,,,,,,00000000,,,9000,UNITED STATES,VERMONT,2022,ANNUAL,00,00,MARKETING YEAR,,2024-04-08 15:00:00.000,"282,000",
SURVEY,ANIMALS & PRODUCTS,SPECIALTY,HONEY,ALL CLASSES,ALL PRODUCTION PRACTICES,ALL UTILIZATION PRACTICES,PRODUCTION,LB,"HONEY - PRODUCTION, MEASURED IN LB",TOTAL,NOT SPECIFIED,STATE,51,51,VA,VIRGINIA,,,,,,,,00000000,,,9000,UNITED STATES,VIRGINIA,2022,ANNUAL,00,00,MARKETING YEAR,,2024-04-08 15:00:00.000,"266,000",
SURVEY,ANIMALS & PRODUCTS,SPECIALTY,HONEY,ALL CLASSES,ALL PRODUCTION PRACTICES,ALL UTILIZATION PRACTICES,PRODUCTION,LB,"HONEY - PRODUCTION, MEASURED IN LB",TOTAL,NOT SPECIFIED,STATE,53,53,WA,WASHINGTON,,,,,,,,00000000,,,9000,UNITED STATES,WASHINGTON,2022,ANNUAL,00,00,MARKETING YEAR,,2024-04-08 15:00:00.000,"2,752,000",
SURVEY,ANIMALS & PRODUCTS,SPECIALTY,HONEY,ALL CLASSES,ALL PRODUCTION PRACTICES,ALL UTILIZATION PRACTICES,PRODUCTION,LB,"HONEY - PRODUCTION, MEASURED IN LB",TOTAL,NOT SPECIFIED,STATE,54,54,WV,WEST VIRGINIA,,,,,,,,00000000,,,9000,UNITED STATES,WEST VIRGINIA,2022,ANNUAL,00,00,MARKETING YEAR,,2024-04-08 15:00:00.000,"273,000",
SURVEY,ANIMALS & PRODUCTS,SPECIALTY,HONEY,ALL CLASSES,ALL PRODUCTION PRACTICES,ALL UTILIZATION PRACTICES,PRODUCTION,LB,"HONEY - PRODUCTION, MEASURED IN LB",TOTAL,NOT SPECIFIED,STATE,55,55,WI,WISCONSIN,,,,,,,,00000000,,,9000,UNITED STATES,WISCONSIN,2022,ANNUAL,00,00,MARKETING YEAR,,2024-04-08 15:00:00.000,"2,915,000",
SURVEY,ANIMALS & PRODUCTS,SPECIALTY,HONEY,ALL CLASSES,ALL PRODUCTION PRACTICES,ALL UTILIZATION PRACTICES,PRODUCTION,LB,"HONEY - PRODUCTION, MEASURED IN LB",TOTAL,NOT SPECIFIED,STATE,56,56,WY,WYOMING,,,,,,,,00000000,,,9000,UNITED STATES,WYOMING,2022,ANNUAL,00,00,MARKETING YEAR,,2024-04-08 15:00:00.000,"1,350,000",
SURVEY,ANIMALS & PRODUCTS,SPECIALTY,HONEY,ALL CLASSES,ALL PRODUCTION PRACTICES,ALL UTILIZATION PRACTICES,PRODUCTION,LB / COLONY,"HONEY - PRODUCTION, MEASURED IN LB / COLONY",TOTAL,NOT SPECIFIED,STATE,,98,OT,OTHER STATES,,,,,,,,00000000,,,9000,UNITED STATES,OTHER STATES,2022,ANNUAL,00,00,MARKETING YEAR,,2024-04-08 15:00:00.000,63,
SURVEY,ANIMALS & PRODUCTS,SPECIALTY,HONEY,ALL CLASSES,ALL PRODUCTION PRACTICES,ALL UTILIZATION PRACTICES,PRODUCTION,LB / COLONY,"HONEY - PRODUCTION, MEASURED IN LB / COLONY",TOTAL,NOT SPECIFIED,STATE,01,01,AL,ALABAMA,,,,,,,,00000000,,,9000,UNITED STATES,ALABAMA,2022,ANNUAL,00,00,MARKETING YEAR,,2024-04-08 15:00:00.000,40,
SURVEY,ANIMALS & PRODUCTS,SPECIALTY,HONEY,ALL CLASSES,ALL PRODUCTION PRACTICES,ALL UTILIZATION PRACTICES,PRODUCTION,LB / COLONY,"HONEY - PRODUCTION, MEASURED IN LB / COLONY",TOTAL,NOT SPECIFIED,STATE,04,04,AZ,ARIZONA,,,,,,,,00000000,,,9000,UNITED STATES,ARIZONA,2022,ANNUAL,00,00,MARKETING YEAR,,2024-04-08 15:00:00.000,45,
SURVEY,ANIMALS & PRODUCTS,SPECIALTY,HONEY,ALL CLASSES,ALL PRODUCTION PRACTICES,ALL UTILIZATION PRACTICES,PRODUCTION,LB / COLONY,"HONEY - PRODUCTION, MEASURED IN LB / COLONY",TOTAL,NOT SPECIFIED,STATE,05,05,AR,ARKANSAS,,,,,,,,00000000,,,9000,UNITED STATES,ARKANSAS,2022,ANNUAL,00,00,MARKETING YEAR,,2024-04-08 15:00:00.000,56,
SURVEY,ANIMALS & PRODUCTS,SPECIALTY,HONEY,ALL CLASSES,ALL PRODUCTION PRACTICES,ALL UTILIZATION PRACTICES,PRODUCTION,LB / COLONY,"HONEY - PRODUCTION, MEASURED IN LB / COLONY",TOTAL,NOT SPECIFIED,STATE,06,06,CA,CALIFORNIA,,,,,,,,00000000,,,9000,UNITED STATES,CALIFORNIA,2022,ANNUAL,00,00,MARKETING YEAR,,2024-04-08 15:00:00.000,38,
SURVEY,ANIMALS & PRODUCTS,SPECIALTY,HONEY,ALL CLASSES,ALL PRODUCTION PRACTICES,ALL UTILIZATION PRACTICES,PRODUCTION,LB / COLONY,"HONEY - PRODUCTION, MEASURED IN LB / COLONY",TOTAL,NOT SPECIFIED,STATE,08,08,CO,COLORADO,,,,,,,,00000000,,,9000,UNITED STATES,COLORADO,2022,ANNUAL,00,00,MARKETING YEAR,,2024-04-08 15:00:00.000,42,
SURVEY,ANIMALS & PRODUCTS,SPECIALTY,HONEY,ALL CLASSES,ALL PRODUCTION PRACTICES,ALL UTILIZATION PRACTICES,PRODUCTION,LB / COLONY,"HONEY - PRODUCTION, MEASURED IN LB / COLONY",TOTAL,NOT SPECIFIED,STATE,12,12,FL,FLORIDA,,,,,,,,00000000,,,9000,UNITED STATES,FLORIDA,2022,ANNUAL,00,00,MARKETING YEAR,,2024-04-08 15:00:00.000,35,
SURVEY,ANIMALS & PRODUCTS,SPECIALTY,HONEY,ALL CLASSES,ALL PRODUCTION PRACTICES,ALL UTILIZATION PRACTICES,PRODUCTION,LB / COLONY,"HONEY - PRODUCTION, MEASURED IN LB / COLONY",TOTAL,NOT SPECIFIED,STATE,13,13,GA,GEORGIA,,,,,,,,00000000,,,9000,UNITED STATES,GEORGIA,2022,ANNUAL,00,00,MARKETING YEAR,,2024-04-08 15:00:00.000,32,
SURVEY,ANIMALS & PRODUCTS,SPECIALTY,HONEY,ALL CLASSES,ALL PRODUCTION PRACTICES,ALL UTILIZATION PRACTICES,PRODUCTION,LB / COLONY,"HONEY - PRODUCTION, MEASURED IN LB / COLONY",TOTAL,NOT SPECIFIED,STATE,16,16,ID,IDAHO,,,,,,,,00000000,,,9000,UNITED STATES,IDAHO,2022,ANNUAL,00,00,MARKETING YEAR,,2024-04-08 15:00:00.000,29,
SURVEY,ANIMALS & PRODUCTS,SPECIALTY,HONEY,ALL CLASSES,ALL PRODUCTION PRACTICES,ALL UTILIZATION PRACTICES,PRODUCTION,LB / COLONY,"HONEY - PRODUCTION, MEASURED IN LB / COLONY",TOTAL,NOT SPECIFIED,STATE,17,17,IL,ILLINOIS,,,,,,,,00000000,,,9000,UNITED STATES,ILLINOIS,2022,ANNUAL,00,00,MARKETING YEAR,,2024-04-08 15:00:00.000,47,
SURVEY,ANIMALS & PRODUCTS,SPECIALTY,HONEY,ALL CLASSES,ALL PRODUCTION PRACTICES,ALL UTILIZATION PRACTICES,PRODUCTION,LB / COLONY,"HONEY - PRODUCTION, MEASURED IN LB / COLONY",TOTAL,NOT SPECIFIED,STATE,18,18,IN,INDIANA,,,,,,,,00000000,,,9000,UNITED STATES,INDIANA,2022,ANNUAL,00,00,MARKETING YEAR,,2024-04-08 15:00:00.000,63,
SURVEY,ANIMALS & PRODUCTS,SPECIALTY,HONEY,ALL CLASSES,ALL PRODUCTION PRACTICES,ALL UTILIZATION PRACTICES,PRODUCTION,LB / COLONY,"HONEY - PRODUCTION, MEASURED IN LB / COLONY",TOTAL,NOT SPECIFIED,STATE,19,19,IA,IOWA,,,,,,,,00000000,,,9000,UNITED STATES,IOWA,2022,ANNUAL,00,00,MARKETING YEAR,,2024-04-08 15:00:00.000,51,
SURVEY,ANIMALS & PRODUCTS,SPECIALTY,HONEY,ALL CLASSES,ALL PRODUCTION PRACTICES,ALL UTILIZATION PRACTICES,PRODUCTION,LB / COLONY,"HONEY - PRODUCTION, MEASURED IN LB / COLONY",TOTAL,NOT SPECIFIED,STATE,20,20,KS,KANSAS,,,,,,,,00000000,,,9000,UNITED STATES,KANSAS,2022,ANNUAL,00,00,MARKETING YEAR,,2024-04-08 15:00:00.000,62,
SURVEY,ANIMALS & PRODUCTS,SPECIALTY,HONEY,ALL CLASSES,ALL PRODUCTION PRACTICES,ALL UTILIZATION PRACTICES,PRODUCTION,LB / COLONY,"HONEY - PRODUCTION, MEASURED IN LB / COLONY",TOTAL,NOT SPECIFIED,STATE,21,21,KY,KENTUCKY,,,,,,,,00000000,,,9000,UNITED STATES,KENTUCKY,2022,ANNUAL,00,00,MARKETING YEAR,,2024-04-08 15:00:00.000,36,
SURVEY,ANIMALS & PRODUCTS,SPECIALTY,HONEY,ALL CLASSES,ALL PRODUCTION PRACTICES,ALL UTILIZATION PRACTICES,PRODUCTION,LB / COLONY,"HONEY - PRODUCTION, MEASURED IN LB / COLONY",TOTAL,NOT SPECIFIED,STATE,22,22,LA,LOUISIANA,,,,,,,,00000000,,,9000,UNITED STATES,LOUISIANA,2022,ANNUAL,00,00,MARKETING YEAR,,2024-04-08 15:00:00.000,61,
SURVEY,ANIMALS & PRODUCTS,SPECIALTY,HONEY,ALL CLASSES,ALL PRODUCTION PRACTICES,ALL UTILIZATION PRACTICES,PRODUCTION,LB / COLONY,"HONEY - PRODUCTION, MEASURED IN LB / COLONY",TOTAL,NOT SPECIFIED,STATE,23,23,ME,MAINE,,,,,,,,00000000,,,9000,UNITED STATES,MAINE,2022,ANNUAL,00,00,MARKETING YEAR,,2024-04-08 15:00:00.000,23,
SURVEY,ANIMALS & PRODUCTS,SPECIALTY,HONEY,ALL CLASSES,ALL PRODUCTION PRACTICES,ALL UTILIZATION PRACTICES,PRODUCTION,LB / COLONY,"HONEY - PRODUCTION, MEASURED IN LB / COLONY",TOTAL,NOT SPECIFIED,STATE,26,26,MI,MICHIGAN,,,,,,,,00000000,,,9000,UNITED STATES,MICHIGAN,2022,ANNUAL,00,00,MARKETING YEAR,,2024-04-08 15:00:00.000,41,
SURVEY,ANIMALS & PRODUCTS,SPECIALTY,HONEY,ALL CLASSES,ALL PRODUCTION PRACTICES,ALL UTILIZATION PRACTICES,PRODUCTION,LB / COLONY,"HONEY - PRODUCTION, MEASURED IN LB / COLONY",TOTAL,NOT SPECIFIED,STATE,27,27,MN,MINNESOTA,,,,,,,,00000000,,,9000,UNITED STATES,MINNESOTA,2022,ANNUAL,00,00,MARKETING YEAR,,2024-04-08 15:00:00.000,51,
SURVEY,ANIMALS & PRODUCTS,SPECIALTY,HONEY,ALL CLASSES,ALL PRODUCTION PRACTICES,ALL UTILIZATION PRACTICES,PRODUCTION,LB / COLONY,"HONEY - PRODUCTION, MEASURED IN LB / COLONY",TOTAL,NOT SPECIFIED,STATE,28,28,MS,MISSISSIPPI,,,,,,,,00000000,,,9000,UNITED STATES,MISSISSIPPI,2022,ANNUAL,00,00,MARKETING YEAR,,2024-04-08 15:00:00.000,95,
SURVEY,ANIMALS & PRODUCTS,SPECIALTY,HONEY,ALL CLASSES,ALL PRODUCTION PRACTICES,ALL UTILIZATION PRACTICES,PRODUCTION,LB / COLONY,"HONEY - PRODUCTION, MEASURED IN LB / COLONY",TOTAL,NOT SPECIFIED,STATE,29,29,MO,MISSOURI,,,,,,,,00000000,,,9000,UNITED STATES,MISSOURI,2022,ANNUAL,00,00,MARKETING YEAR,,2024-04-08 15:00:00.000,41,
SURVEY,ANIMALS & PRODUCTS,SPECIALTY,HONEY,ALL CLASSES,ALL PRODUCTION PRACTICES,ALL UTILIZATION PRACTICES,PRODUCTION,LB / COLONY,"HONEY - PRODUCTION, MEASURED IN LB / COLONY",TOTAL,NOT SPECIFIED,STATE,30,30,MT,MONTANA,,,,,,,,00000000,,,9000,UNITED STATES,MONTANA,2022,ANNUAL,00,00,MARKETING YEAR,,2024-04-08 15:00:00.000,61,
SURVEY,ANIMALS & PRODUCTS,SPECIALTY,HONEY,ALL CLASSES,ALL PRODUCTION PRACTICES,ALL UTILIZATION PRACTICES,PRODUCTION,LB / COLONY,"HONEY - PRODUCTION, MEASURED IN LB / COLONY",TOTAL,NOT SPECIFIED,STATE,31,31,NE,NEBRASKA,,,,,,,,00000000,,,9000,UNITED STATES,NEBRASKA,2022,ANNUAL,00,00,MARKETING YEAR,,2024-04-08 15:00:00.000,44,
SURVEY,ANIMALS & PRODUCTS,SPECIALTY,HONEY,ALL CLASSES,ALL PRODUCTION PRACTICES,ALL UTILIZATION PRACTICES,PRODUCTION,LB / COLONY,"HONEY - PRODUCTION, MEASURED IN LB / COLONY",TOTAL,NOT SPECIFIED,STATE,34,34,NJ,NEW JERSEY,,,,,,,,00000000,,,9000,UNITED STATES,NEW JERSEY,2022,ANNUAL,00,00,MARKETING YEAR,,2024-04-08 15:00:00.000,39,
SURVEY,ANIMALS & PRODUCTS,SPECIALTY,HONEY,ALL CLASSES,ALL PRODUCTION PRACTICES,ALL UTILIZATION PRACTICES,PRODUCTION,LB / COLONY,"HONEY - PRODUCTION, MEASURED IN LB / COLONY",TOTAL,NOT SPECIFIED,STATE,36,36,NY,NEW YORK,,,,,,,,00000000,,,9000,UNITED STATES,NEW YORK,2022,ANNUAL,00,00,MARKETING YEAR,,2024-04-08 15:00:00.000,53,
SURVEY,ANIMALS & PRODUCTS,SPECIALTY,HONEY,ALL CLASSES,ALL PRODUCTION PRACTICES,ALL UTILIZATION PRACTICES,PRODUCTION,LB / COLONY,"HONEY - PRODUCTION, MEASURED IN LB / COLONY",TOTAL,NOT SPECIFIED,STATE,37,37,NC,NORTH CAROLINA,,,,,,,,00000000,,,9000,UNITED STATES,NORTH CAROLINA,2022,ANNUAL,00,00,MARKETING YEAR,,2024-04-08 15:00:00.000,39,
SURVEY,ANIMALS & PRODUCTS,SPECIALTY,HONEY,ALL CLASSES,ALL PRODUCTION PRACTICES,ALL UTILIZATION PRACTICES,PRODUCTION,LB / COLONY,"HONEY - PRODUCTION, MEASURED IN LB / COLONY",TOTAL,NOT SPECIFIED,STATE,38,38,ND,NORTH DAKOTA,,,,,,,,00000000,,,9000,UNITED STATES,NORTH DAKOTA,2022,ANNUAL,00,00,MARKETING YEAR,,2024-04-08 15:00:00.000,60,
SURVEY,ANIMALS & PRODUCTS,SPECIALTY,HONEY,ALL CLASSES,ALL PRODUCTION PRACTICES,ALL UTILIZATION PRACTICES,PRODUCTION,LB / COLONY,"HONEY - PRODUCTION, MEASURED IN LB / COLONY",TOTAL,NOT SPECIFIED,STATE,39,39,OH,OHIO,,,,,,,,00000000,,,9000,UNITED STATES,OHIO,2022,ANNUAL,00,00,MARKETING YEAR,,2024-04-08 15:00:00.000,66,
SURVEY,ANIMALS & PRODUCTS,SPECIALTY,HONEY,ALL CLASSES,ALL PRODUCTION PRACTICES,ALL UTILIZATION PRACTICES,PRODUCTION,LB / COLONY,"HONEY - PRODUCTION, MEASURED IN LB / COLONY",TOTAL,NOT SPECIFIED,STATE,41,41,OR,OREGON,,,,,,,,00000000,,,9000,UNITED STATES,OREGON,2022,ANNUAL,00,00,MARKETING YEAR,,2024-04-08 15:00:00.000,37,
SURVEY,ANIMALS & PRODUCTS,SPECIALTY,HONEY,ALL CLASSES,ALL PRODUCTION PRACTICES,ALL UTILIZATION PRACTICES,PRODUCTION,LB / COLONY,"HONEY - PRODUCTION, MEASURED IN LB / COLONY",TOTAL,NOT SPECIFIED,STATE,42,42,PA,PENNSYLVANIA,,,,,,,,00000000,,,9000,UNITED STATES,PENNSYLVANIA,2022,ANNUAL,00,00,MARKETING YEAR,,2024-04-08 15:00:00.000,46,
SURVEY,ANIMALS & PRODUCTS,SPECIALTY,HONEY,ALL CLASSES,ALL PRODUCTION PRACTICES,ALL UTILIZATION PRACTICES,PRODUCTION,LB / COLONY,"HONEY - PRODUCTION, MEASURED IN LB / COLONY",TOTAL,NOT SPECIFIED,STATE,45,45,SC,SOUTH CAROLINA,,,,,,,,00000000,,,9000,UNITED STATES,SOUTH CAROLINA,2022,ANNUAL,00,00,MARKETING YEAR,,2024-04-08 15:00:00.000,39,
SURVEY,ANIMALS & PRODUCTS,SPECIALTY,HONEY,ALL CLASSES,ALL PRODUCTION PRACTICES,ALL UTILIZATION PRACTICES,PRODUCTION,LB / COLONY,"HONEY - PRODUCTION, MEASURED IN LB / COLONY",TOTAL,NOT SPECIFIED,STATE,46,46,SD,SOUTH DAKOTA,,,,,,,,00000000,,,9000,UNITED STATES,SOUTH DAKOTA,2022,ANNUAL,00,00,MARKETING YEAR,,2024-04-08 15:00:00.000,39,
SURVEY,ANIMALS & PRODUCTS,SPECIALTY,HONEY,ALL CLASSES,ALL PRODUCTION PRACTICES,ALL UTILIZATION PRACTICES,PRODUCTION,LB / COLONY,"HONEY - PRODUCTION, MEASURED IN LB / COLONY",TOTAL,NOT SPECIFIED,STATE,47,47,TN,TENNESSEE,,,,,,,,00000000,,,9000,UNITED STATES,TENNESSEE,2022,ANNUAL,00,00,MARKETING YEAR,,2024-04-08 15:00:00.000,47,
SURVEY,ANIMALS & PRODUCTS,SPECIALTY,HONEY,ALL CLASSES,ALL PRODUCTION PRACTICES,ALL UTILIZATION PRACTICES,PRODUCTION,LB / COLONY,"HONEY - PRODUCTION, MEASURED IN LB / COLONY",TOTAL,NOT SPECIFIED,STATE,48,48,TX,TEXAS,,,,,,,,00000000,,,9000,UNITED STATES,TEXAS,2022,ANNUAL,00,00,MARKETING YEAR,,2024-04-08 15:00:00.000,53,
SURVEY,ANIMALS & PRODUCTS,SPECIALTY,HONEY,ALL CLASSES,ALL PRODUCTION PRACTICES,ALL UTILIZATION PRACTICES,PRODUCTION,LB / COLONY,"HONEY - PRODUCTION, MEASURED IN LB / COLONY",TOTAL,NOT SPECIFIED,STATE,49,49,UT,UTAH,,,,,,,,00000000,,,9000,UNITED STATES,UTAH,2022,ANNUAL,00,00,MARKETING YEAR,,2024-04-08 15:00:00.000,46,
SURVEY,ANIMALS & PRODUCTS,SPECIALTY,HONEY,ALL CLASSES,ALL PRODUCTION PRACTICES,ALL UTILIZATION PRACTICES,PRODUCTION,LB / COLONY,"HONEY - PRODUCTION, MEASURED IN LB / COLONY",TOTAL,NOT SPECIFIED,STATE,50,50,VT,VERMONT,,,,,,,,00000000,,,9000,UNITED STATES,VERMONT,2022,ANNUAL,00,00,MARKETING YEAR,,2024-04-08 15:00:00.000,47,
SURVEY,ANIMALS & PRODUCTS,SPECIALTY,HONEY,ALL CLASSES,ALL PRODUCTION PRACTICES,ALL UTILIZATION PRACTICES,PRODUCTION,LB / COLONY,"HONEY - PRODUCTION, MEASURED IN LB / COLONY",TOTAL,NOT SPECIFIED,STATE,51,51,VA,VIRGINIA,,,,,,,,00000000,,,9000,UNITED STATES,VIRGINIA,2022,ANNUAL,00,00,MARKETING YEAR,,2024-04-08 15:00:00.000,38,
SURVEY,ANIMALS & PRODUCTS,SPECIALTY,HONEY,ALL CLASSES,ALL PRODUCTION PRACTICES,ALL UTILIZATION PRACTICES,PRODUCTION,LB / COLONY,"HONEY - PRODUCTION, MEASURED IN LB / COLONY",TOTAL,NOT SPECIFIED,STATE,53,53,WA,WASHINGTON,,,,,,,,00000000,,,9000,UNITED STATES,WASHINGTON,2022,ANNUAL,00,00,MARKETING YEAR,,2024-04-08 15:00:00.000,32,
SURVEY,ANIMALS & PRODUCTS,SPECIALTY,HONEY,ALL CLASSES,ALL PRODUCTION PRACTICES,ALL UTILIZATION PRACTICES,PRODUCTION,LB / COLONY,"HONEY - PRODUCTION, MEASURED IN LB / COLONY",TOTAL,NOT SPECIFIED,STATE,54,54,WV,WEST VIRGINIA,,,,,,,,00000000,,,9000,UNITED STATES,WEST VIRGINIA,2022,ANNUAL,00,00,MARKETING YEAR,,2024-04-08 15:00:00.000,39,
SURVEY,ANIMALS & PRODUCTS,SPECIALTY,HONEY,ALL CLASSES,ALL PRODUCTION PRACTICES,ALL UTILIZATION PRACTICES,PRODUCTION,LB / COLONY,"HONEY - PRODUCTION, MEASURED IN LB / COLONY",TOTAL,NOT SPECIFIED,STATE,55,55,WI,WISCONSIN,,,,,,,,00000000,,,9000,UNITED STATES,WISCONSIN,2022,ANNUAL,00,00,MARKETING YEAR,,2024-04-08 15:00:00.000,55,
SURVEY,ANIMALS & PRODUCTS,SPECIALTY,HONEY,ALL CLASSES,ALL PRODUCTION PRACTICES,ALL UTILIZATION PRACTICES,PRODUCTION,LB / COLONY,"HONEY - PRODUCTION, MEASURED IN LB / COLONY",TOTAL,NOT SPECIFIED,STATE,56,56,WY,WYOMING,,,,,,,,00000000,,,9000,UNITED STATES,WYOMING,2022,ANNUAL,00,00,MARKETING YEAR,,2024-04-08 15:00:00.000,45,
